file,line,type,commit,author,date,time,timezone,datetime,depth,length
static/global.js,1,js,5e59f41e,Marine Gapihan,2025-03-04,18:11:29,-05:00,2025-03-04T18:11:29-05:00,0,7
static/global.js,2,js,6fb73913,Marine Gapihan,2025-03-12,11:50:55,-04:00,2025-03-12T11:50:55-04:00,0,28
static/global.js,3,js,5e59f41e,Marine Gapihan,2025-03-04,18:11:29,-05:00,2025-03-04T18:11:29-05:00,0,0
static/global.js,4,js,6fb73913,Marine Gapihan,2025-03-12,11:50:55,-04:00,2025-03-12T11:50:55-04:00,0,45
static/global.js,5,js,6fb73913,Marine Gapihan,2025-03-12,11:50:55,-04:00,2025-03-12T11:50:55-04:00,0,56
static/global.js,6,js,6fb73913,Marine Gapihan,2025-03-12,11:50:55,-04:00,2025-03-12T11:50:55-04:00,0,2
static/global.js,7,js,5e59f41e,Marine Gapihan,2025-03-04,18:11:29,-05:00,2025-03-04T18:11:29-05:00,0,0
static/global.js,8,js,6fb73913,Marine Gapihan,2025-03-12,11:50:55,-04:00,2025-03-12T11:50:55-04:00,0,28
static/global.js,9,js,5e59f41e,Marine Gapihan,2025-03-04,18:11:29,-05:00,2025-03-04T18:11:29-05:00,0,0
static/global.js,10,js,5e59f41e,Marine Gapihan,2025-03-04,18:11:29,-05:00,2025-03-04T18:11:29-05:00,0,7
static/global.js,11,js,5e59f41e,Marine Gapihan,2025-03-04,18:11:29,-05:00,2025-03-04T18:11:29-05:00,0,99
static/global.js,12,js,5e59f41e,Marine Gapihan,2025-03-04,18:11:29,-05:00,2025-03-04T18:11:29-05:00,0,0
static/global.js,13,js,5e59f41e,Marine Gapihan,2025-03-04,18:11:29,-05:00,2025-03-04T18:11:29-05:00,0,0
static/global.js,14,js,5e59f41e,Marine Gapihan,2025-03-04,18:11:29,-05:00,2025-03-04T18:11:29-05:00,0,7
static/global.js,15,js,5e59f41e,Marine Gapihan,2025-03-04,18:11:29,-05:00,2025-03-04T18:11:29-05:00,0,56
static/global.js,16,js,5e59f41e,Marine Gapihan,2025-03-04,18:11:29,-05:00,2025-03-04T18:11:29-05:00,0,40
static/global.js,17,js,5e59f41e,Marine Gapihan,2025-03-04,18:11:29,-05:00,2025-03-04T18:11:29-05:00,0,2
static/global.js,18,js,5e59f41e,Marine Gapihan,2025-03-04,18:11:29,-05:00,2025-03-04T18:11:29-05:00,0,0
static/global.js,19,js,5e59f41e,Marine Gapihan,2025-03-04,18:11:29,-05:00,2025-03-04T18:11:29-05:00,0,0
static/global.js,20,js,5e59f41e,Marine Gapihan,2025-03-04,18:11:29,-05:00,2025-03-04T18:11:29-05:00,0,7
static/global.js,21,js,5e59f41e,Marine Gapihan,2025-03-04,18:11:29,-05:00,2025-03-04T18:11:29-05:00,0,0
static/global.js,22,js,5e59f41e,Marine Gapihan,2025-03-04,18:11:29,-05:00,2025-03-04T18:11:29-05:00,0,9
static/global.js,23,js,a9aa343e,Marine Gapihan,2025-03-06,15:56:40,-05:00,2025-03-06T15:56:40-05:00,0,14
static/global.js,24,js,a9aa343e,Marine Gapihan,2025-03-06,15:56:40,-05:00,2025-03-06T15:56:40-05:00,0,29
static/global.js,25,js,a9aa343e,Marine Gapihan,2025-03-06,15:56:40,-05:00,2025-03-06T15:56:40-05:00,0,39
static/global.js,26,js,a9aa343e,Marine Gapihan,2025-03-06,15:56:40,-05:00,2025-03-06T15:56:40-05:00,0,40
static/global.js,27,js,a9aa343e,Marine Gapihan,2025-03-06,15:56:40,-05:00,2025-03-06T15:56:40-05:00,0,34
static/global.js,28,js,a9aa343e,Marine Gapihan,2025-03-06,15:56:40,-05:00,2025-03-06T15:56:40-05:00,0,65
static/global.js,29,js,a9aa343e,Marine Gapihan,2025-03-06,15:56:40,-05:00,2025-03-06T15:56:40-05:00,0,3
static/global.js,30,js,a9aa343e,Marine Gapihan,2025-03-06,15:56:40,-05:00,2025-03-06T15:56:40-05:00,0,0
static/global.js,31,js,a9aa343e,Marine Gapihan,2025-03-06,15:56:40,-05:00,2025-03-06T15:56:40-05:00,0,41
static/global.js,32,js,a9aa343e,Marine Gapihan,2025-03-06,15:56:40,-05:00,2025-03-06T15:56:40-05:00,0,28
static/global.js,33,js,5e59f41e,Marine Gapihan,2025-03-04,18:11:29,-05:00,2025-03-04T18:11:29-05:00,0,0
static/global.js,34,js,88651a4d,Marine Gapihan,2025-03-05,17:54:22,-05:00,2025-03-05T17:54:22-05:00,0,73
static/global.js,35,js,88651a4d,Marine Gapihan,2025-03-05,17:54:22,-05:00,2025-03-05T17:54:22-05:00,0,0
static/global.js,36,js,5e59f41e,Marine Gapihan,2025-03-04,18:11:29,-05:00,2025-03-04T18:11:29-05:00,0,23
static/global.js,37,js,5e59f41e,Marine Gapihan,2025-03-04,18:11:29,-05:00,2025-03-04T18:11:29-05:00,0,18
static/global.js,38,js,5e59f41e,Marine Gapihan,2025-03-04,18:11:29,-05:00,2025-03-04T18:11:29-05:00,0,22
static/global.js,39,js,5e59f41e,Marine Gapihan,2025-03-04,18:11:29,-05:00,2025-03-04T18:11:29-05:00,0,0
static/global.js,40,js,5e59f41e,Marine Gapihan,2025-03-04,18:11:29,-05:00,2025-03-04T18:11:29-05:00,0,34
static/global.js,41,js,5e59f41e,Marine Gapihan,2025-03-04,18:11:29,-05:00,2025-03-04T18:11:29-05:00,0,51
static/global.js,42,js,5e59f41e,Marine Gapihan,2025-03-04,18:11:29,-05:00,2025-03-04T18:11:29-05:00,0,27
static/global.js,43,js,5e59f41e,Marine Gapihan,2025-03-04,18:11:29,-05:00,2025-03-04T18:11:29-05:00,0,6
static/global.js,44,js,5e59f41e,Marine Gapihan,2025-03-04,18:11:29,-05:00,2025-03-04T18:11:29-05:00,0,0
static/global.js,45,js,5e59f41e,Marine Gapihan,2025-03-04,18:11:29,-05:00,2025-03-04T18:11:29-05:00,0,76
static/global.js,46,js,5e59f41e,Marine Gapihan,2025-03-04,18:11:29,-05:00,2025-03-04T18:11:29-05:00,0,2
static/global.js,47,js,5e59f41e,Marine Gapihan,2025-03-04,18:11:29,-05:00,2025-03-04T18:11:29-05:00,0,0
static/global.js,48,js,5e59f41e,Marine Gapihan,2025-03-04,18:11:29,-05:00,2025-03-04T18:11:29-05:00,0,0
static/global.js,49,js,5e59f41e,Marine Gapihan,2025-03-04,18:11:29,-05:00,2025-03-04T18:11:29-05:00,0,9
static/global.js,50,js,5e59f41e,Marine Gapihan,2025-03-04,18:11:29,-05:00,2025-03-04T18:11:29-05:00,0,0
static/global.js,51,js,6fb73913,Marine Gapihan,2025-03-12,11:50:55,-04:00,2025-03-12T11:50:55-04:00,0,23
static/global.js,52,js,6fb73913,Marine Gapihan,2025-03-12,11:50:55,-04:00,2025-03-12T11:50:55-04:00,0,18
static/global.js,53,js,6fb73913,Marine Gapihan,2025-03-12,11:50:55,-04:00,2025-03-12T11:50:55-04:00,0,22
static/global.js,54,js,5e59f41e,Marine Gapihan,2025-03-04,18:11:29,-05:00,2025-03-04T18:11:29-05:00,0,0
static/global.js,55,js,6fb73913,Marine Gapihan,2025-03-12,11:50:55,-04:00,2025-03-12T11:50:55-04:00,0,54
static/global.js,56,js,6fb73913,Marine Gapihan,2025-03-12,11:50:55,-04:00,2025-03-12T11:50:55-04:00,0,30
static/global.js,57,js,6fb73913,Marine Gapihan,2025-03-12,11:50:55,-04:00,2025-03-12T11:50:55-04:00,0,9
static/global.js,58,js,5e59f41e,Marine Gapihan,2025-03-04,18:11:29,-05:00,2025-03-04T18:11:29-05:00,0,0
static/global.js,59,js,6fb73913,Marine Gapihan,2025-03-12,11:50:55,-04:00,2025-03-12T11:50:55-04:00,0,41
static/global.js,60,js,6fb73913,Marine Gapihan,2025-03-12,11:50:55,-04:00,2025-03-12T11:50:55-04:00,0,18
static/global.js,61,js,6fb73913,Marine Gapihan,2025-03-12,11:50:55,-04:00,2025-03-12T11:50:55-04:00,0,27
static/global.js,62,js,5e59f41e,Marine Gapihan,2025-03-04,18:11:29,-05:00,2025-03-04T18:11:29-05:00,0,0
static/global.js,63,js,6fb73913,Marine Gapihan,2025-03-12,11:50:55,-04:00,2025-03-12T11:50:55-04:00,0,72
static/global.js,64,js,6fb73913,Marine Gapihan,2025-03-12,11:50:55,-04:00,2025-03-12T11:50:55-04:00,0,37
static/global.js,65,js,6fb73913,Marine Gapihan,2025-03-12,11:50:55,-04:00,2025-03-12T11:50:55-04:00,0,11
static/global.js,66,js,5e59f41e,Marine Gapihan,2025-03-04,18:11:29,-05:00,2025-03-04T18:11:29-05:00,0,0
static/global.js,67,js,6fb73913,Marine Gapihan,2025-03-12,11:50:55,-04:00,2025-03-12T11:50:55-04:00,0,34
static/global.js,68,js,6fb73913,Marine Gapihan,2025-03-12,11:50:55,-04:00,2025-03-12T11:50:55-04:00,0,29
static/global.js,69,js,6fb73913,Marine Gapihan,2025-03-12,11:50:55,-04:00,2025-03-12T11:50:55-04:00,0,10
static/global.js,70,js,5e59f41e,Marine Gapihan,2025-03-04,18:11:29,-05:00,2025-03-04T18:11:29-05:00,0,0
static/global.js,71,js,6fb73913,Marine Gapihan,2025-03-12,11:50:55,-04:00,2025-03-12T11:50:55-04:00,0,19
static/global.js,72,js,6fb73913,Marine Gapihan,2025-03-12,11:50:55,-04:00,2025-03-12T11:50:55-04:00,0,2
static/global.js,73,js,5e59f41e,Marine Gapihan,2025-03-04,18:11:29,-05:00,2025-03-04T18:11:29-05:00,0,0
static/global.js,74,js,5e59f41e,Marine Gapihan,2025-03-04,18:11:29,-05:00,2025-03-04T18:11:29-05:00,0,7
static/global.js,75,js,5e59f41e,Marine Gapihan,2025-03-04,18:11:29,-05:00,2025-03-04T18:11:29-05:00,0,9
static/global.js,76,js,5e59f41e,Marine Gapihan,2025-03-04,18:11:29,-05:00,2025-03-04T18:11:29-05:00,0,0
static/global.js,77,js,5e59f41e,Marine Gapihan,2025-03-04,18:11:29,-05:00,2025-03-04T18:11:29-05:00,0,9
static/global.js,78,js,0fdd4b47,Marine Gapihan,2025-03-10,11:02:02,-04:00,2025-03-10T11:02:02-04:00,0,49
static/global.js,79,js,0fdd4b47,Marine Gapihan,2025-03-10,11:02:02,-04:00,2025-03-10T11:02:02-04:00,0,30
static/global.js,80,js,0fdd4b47,Marine Gapihan,2025-03-10,11:02:02,-04:00,2025-03-10T11:02:02-04:00,0,9
static/global.js,81,js,0fdd4b47,Marine Gapihan,2025-03-10,11:02:02,-04:00,2025-03-10T11:02:02-04:00,0,11
static/global.js,82,js,0fdd4b47,Marine Gapihan,2025-03-10,11:02:02,-04:00,2025-03-10T11:02:02-04:00,0,49
static/global.js,83,js,0fdd4b47,Marine Gapihan,2025-03-10,11:02:02,-04:00,2025-03-10T11:02:02-04:00,0,47
static/global.js,84,js,0fdd4b47,Marine Gapihan,2025-03-10,11:02:02,-04:00,2025-03-10T11:02:02-04:00,0,49
static/global.js,85,js,0fdd4b47,Marine Gapihan,2025-03-10,11:02:02,-04:00,2025-03-10T11:02:02-04:00,0,12
static/global.js,86,js,0fdd4b47,Marine Gapihan,2025-03-10,11:02:02,-04:00,2025-03-10T11:02:02-04:00,0,11
static/global.js,87,js,0fdd4b47,Marine Gapihan,2025-03-10,11:02:02,-04:00,2025-03-10T11:02:02-04:00,0,3
static/global.js,88,js,5e59f41e,Marine Gapihan,2025-03-04,18:11:29,-05:00,2025-03-04T18:11:29-05:00,0,0
static/global.js,89,js,5e59f41e,Marine Gapihan,2025-03-04,18:11:29,-05:00,2025-03-04T18:11:29-05:00,0,9
static/global.js,90,js,5e59f41e,Marine Gapihan,2025-03-04,18:11:29,-05:00,2025-03-04T18:11:29-05:00,0,0
static/global.js,91,js,5e59f41e,Marine Gapihan,2025-03-04,18:11:29,-05:00,2025-03-04T18:11:29-05:00,0,9
static/global.js,92,js,0fdd4b47,Marine Gapihan,2025-03-10,11:02:02,-04:00,2025-03-10T11:02:02-04:00,0,47
static/global.js,93,js,5e59f41e,Marine Gapihan,2025-03-04,18:11:29,-05:00,2025-03-04T18:11:29-05:00,0,0
static/global.js,94,js,0fdd4b47,Marine Gapihan,2025-03-10,11:02:02,-04:00,2025-03-10T11:02:02-04:00,0,52
static/global.js,95,js,0fdd4b47,Marine Gapihan,2025-03-10,11:02:02,-04:00,2025-03-10T11:02:02-04:00,0,61
static/global.js,96,js,5e59f41e,Marine Gapihan,2025-03-04,18:11:29,-05:00,2025-03-04T18:11:29-05:00,0,0
static/global.js,97,js,0fdd4b47,Marine Gapihan,2025-03-10,11:02:02,-04:00,2025-03-10T11:02:02-04:00,0,83
static/global.js,98,js,5e59f41e,Marine Gapihan,2025-03-04,18:11:29,-05:00,2025-03-04T18:11:29-05:00,0,0
static/global.js,99,js,0fdd4b47,Marine Gapihan,2025-03-10,11:02:02,-04:00,2025-03-10T11:02:02-04:00,0,47
static/global.js,100,js,0fdd4b47,Marine Gapihan,2025-03-10,11:02:02,-04:00,2025-03-10T11:02:02-04:00,0,4
static/global.js,101,js,5e59f41e,Marine Gapihan,2025-03-04,18:11:29,-05:00,2025-03-04T18:11:29-05:00,0,0
static/global.js,102,js,5e59f41e,Marine Gapihan,2025-03-04,18:11:29,-05:00,2025-03-04T18:11:29-05:00,0,0
static/global.js,103,js,0fdd4b47,Marine Gapihan,2025-03-10,11:02:02,-04:00,2025-03-10T11:02:02-04:00,0,24
static/global.js,104,js,0fdd4b47,Marine Gapihan,2025-03-10,11:02:02,-04:00,2025-03-10T11:02:02-04:00,0,32
static/global.js,105,js,0fdd4b47,Marine Gapihan,2025-03-10,11:02:02,-04:00,2025-03-10T11:02:02-04:00,0,87
static/global.js,106,js,0fdd4b47,Marine Gapihan,2025-03-10,11:02:02,-04:00,2025-03-10T11:02:02-04:00,0,42
static/global.js,107,js,0fdd4b47,Marine Gapihan,2025-03-10,11:02:02,-04:00,2025-03-10T11:02:02-04:00,0,2
static/global.js,108,js,5e59f41e,Marine Gapihan,2025-03-04,18:11:29,-05:00,2025-03-04T18:11:29-05:00,0,0
static/global.js,109,js,5e59f41e,Marine Gapihan,2025-03-04,18:11:29,-05:00,2025-03-04T18:11:29-05:00,0,0
static/global.js,110,js,5e59f41e,Marine Gapihan,2025-03-04,18:11:29,-05:00,2025-03-04T18:11:29-05:00,0,18
static/global.js,111,js,5e59f41e,Marine Gapihan,2025-03-04,18:11:29,-05:00,2025-03-04T18:11:29-05:00,0,156
static/global.js,112,js,5e59f41e,Marine Gapihan,2025-03-04,18:11:29,-05:00,2025-03-04T18:11:29-05:00,0,0
static/global.js,113,js,5e59f41e,Marine Gapihan,2025-03-04,18:11:29,-05:00,2025-03-04T18:11:29-05:00,0,148
static/global.js,114,js,5e59f41e,Marine Gapihan,2025-03-04,18:11:29,-05:00,2025-03-04T18:11:29-05:00,0,0
static/global.js,115,js,5e59f41e,Marine Gapihan,2025-03-04,18:11:29,-05:00,2025-03-04T18:11:29-05:00,0,50
static/global.js,116,js,5e59f41e,Marine Gapihan,2025-03-04,18:11:29,-05:00,2025-03-04T18:11:29-05:00,0,40
static/global.js,117,js,5e59f41e,Marine Gapihan,2025-03-04,18:11:29,-05:00,2025-03-04T18:11:29-05:00,0,0
static/global.js,118,js,5e59f41e,Marine Gapihan,2025-03-04,18:11:29,-05:00,2025-03-04T18:11:29-05:00,0,49
static/global.js,119,js,5e59f41e,Marine Gapihan,2025-03-04,18:11:29,-05:00,2025-03-04T18:11:29-05:00,2,21
static/global.js,120,js,5e59f41e,Marine Gapihan,2025-03-04,18:11:29,-05:00,2025-03-04T18:11:29-05:00,2,28
static/global.js,121,js,5e59f41e,Marine Gapihan,2025-03-04,18:11:29,-05:00,2025-03-04T18:11:29-05:00,0,0
static/global.js,122,js,5e59f41e,Marine Gapihan,2025-03-04,18:11:29,-05:00,2025-03-04T18:11:29-05:00,2,26
static/global.js,123,js,5e59f41e,Marine Gapihan,2025-03-04,18:11:29,-05:00,2025-03-04T18:11:29-05:00,2,31
static/global.js,124,js,5e59f41e,Marine Gapihan,2025-03-04,18:11:29,-05:00,2025-03-04T18:11:29-05:00,0,31
static/global.js,125,js,5e59f41e,Marine Gapihan,2025-03-04,18:11:29,-05:00,2025-03-04T18:11:29-05:00,0,23
static/global.js,126,js,5e59f41e,Marine Gapihan,2025-03-04,18:11:29,-05:00,2025-03-04T18:11:29-05:00,2,0
static/global.js,127,js,5e59f41e,Marine Gapihan,2025-03-04,18:11:29,-05:00,2025-03-04T18:11:29-05:00,0,0
static/global.js,128,js,5e59f41e,Marine Gapihan,2025-03-04,18:11:29,-05:00,2025-03-04T18:11:29-05:00,2,18
static/global.js,129,js,5e59f41e,Marine Gapihan,2025-03-04,18:11:29,-05:00,2025-03-04T18:11:29-05:00,0,0
static/global.js,130,js,5e59f41e,Marine Gapihan,2025-03-04,18:11:29,-05:00,2025-03-04T18:11:29-05:00,0,0
src/app.html,1,html,7cc0646a,Marine Gapihan,2025-03-04,17:20:36,-05:00,2025-03-04T17:20:36-05:00,0,13
src/app.html,2,html,7cc0646a,Marine Gapihan,2025-03-04,17:20:36,-05:00,2025-03-04T17:20:36-05:00,0,14
src/app.html,3,html,7cc0646a,Marine Gapihan,2025-03-04,17:20:36,-05:00,2025-03-04T17:20:36-05:00,0,4
src/app.html,4,html,5e59f41e,Marine Gapihan,2025-03-04,18:11:29,-05:00,2025-03-04T18:11:29-05:00,0,27
src/app.html,5,html,7cc0646a,Marine Gapihan,2025-03-04,17:20:36,-05:00,2025-03-04T17:20:36-05:00,0,22
src/app.html,6,html,7cc0646a,Marine Gapihan,2025-03-04,17:20:36,-05:00,2025-03-04T17:20:36-05:00,0,55
src/app.html,7,html,7cc0646a,Marine Gapihan,2025-03-04,17:20:36,-05:00,2025-03-04T17:20:36-05:00,0,51
src/app.html,8,html,5e59f41e,Marine Gapihan,2025-03-04,18:11:29,-05:00,2025-03-04T18:11:29-05:00,0,64
src/app.html,9,html,c06484d9,Marine Gapihan,2025-03-12,10:29:17,-04:00,2025-03-12T10:29:17-04:00,0,6
src/app.html,10,html,c06484d9,Marine Gapihan,2025-03-12,10:29:17,-04:00,2025-03-12T10:29:17-04:00,0,34
src/app.html,11,html,c06484d9,Marine Gapihan,2025-03-12,10:29:17,-04:00,2025-03-12T10:29:17-04:00,0,52
src/app.html,12,html,c06484d9,Marine Gapihan,2025-03-12,10:29:17,-04:00,2025-03-12T10:29:17-04:00,0,50
src/app.html,13,html,c06484d9,Marine Gapihan,2025-03-12,10:29:17,-04:00,2025-03-12T10:29:17-04:00,0,7
src/app.html,14,html,c06484d9,Marine Gapihan,2025-03-12,10:29:17,-04:00,2025-03-12T10:29:17-04:00,0,0
src/app.html,15,html,5e59f41e,Marine Gapihan,2025-03-04,18:11:29,-05:00,2025-03-04T18:11:29-05:00,0,0
src/app.html,16,html,7cc0646a,Marine Gapihan,2025-03-04,17:20:36,-05:00,2025-03-04T17:20:36-05:00,0,14
src/app.html,17,html,7cc0646a,Marine Gapihan,2025-03-04,17:20:36,-05:00,2025-03-04T17:20:36-05:00,0,5
src/app.html,18,html,7cc0646a,Marine Gapihan,2025-03-04,17:20:36,-05:00,2025-03-04T17:20:36-05:00,0,40
src/app.html,19,html,7cc0646a,Marine Gapihan,2025-03-04,17:20:36,-05:00,2025-03-04T17:20:36-05:00,0,51
src/app.html,20,html,7cc0646a,Marine Gapihan,2025-03-04,17:20:36,-05:00,2025-03-04T17:20:36-05:00,0,5
src/app.html,21,html,3f4e8d10,Marine Gapihan,2025-03-10,09:11:21,-04:00,2025-03-10T09:11:21-04:00,0,0
src/app.html,22,html,7cc0646a,Marine Gapihan,2025-03-04,17:20:36,-05:00,2025-03-04T17:20:36-05:00,0,5
src/styles/style.css,1,css,5e59f41e,Marine Gapihan,2025-03-04,18:11:29,-05:00,2025-03-04T18:11:29-05:00,0,5
src/styles/style.css,2,css,5e59f41e,Marine Gapihan,2025-03-04,18:11:29,-05:00,2025-03-04T18:11:29-05:00,1,31
src/styles/style.css,3,css,5e59f41e,Marine Gapihan,2025-03-04,18:11:29,-05:00,2025-03-04T18:11:29-05:00,1,32
src/styles/style.css,4,css,5e59f41e,Marine Gapihan,2025-03-04,18:11:29,-05:00,2025-03-04T18:11:29-05:00,1,31
src/styles/style.css,5,css,5e59f41e,Marine Gapihan,2025-03-04,18:11:29,-05:00,2025-03-04T18:11:29-05:00,1,17
src/styles/style.css,6,css,5e59f41e,Marine Gapihan,2025-03-04,18:11:29,-05:00,2025-03-04T18:11:29-05:00,0,0
src/styles/style.css,7,css,5e59f41e,Marine Gapihan,2025-03-04,18:11:29,-05:00,2025-03-04T18:11:29-05:00,0,0
src/styles/style.css,8,css,5e59f41e,Marine Gapihan,2025-03-04,18:11:29,-05:00,2025-03-04T18:11:29-05:00,0,4
src/styles/style.css,9,css,5e59f41e,Marine Gapihan,2025-03-04,18:11:29,-05:00,2025-03-04T18:11:29-05:00,1,89
src/styles/style.css,10,css,5e59f41e,Marine Gapihan,2025-03-04,18:11:29,-05:00,2025-03-04T18:11:29-05:00,1,15
src/styles/style.css,11,css,5e59f41e,Marine Gapihan,2025-03-04,18:11:29,-05:00,2025-03-04T18:11:29-05:00,1,20
src/styles/style.css,12,css,5e59f41e,Marine Gapihan,2025-03-04,18:11:29,-05:00,2025-03-04T18:11:29-05:00,1,11
src/styles/style.css,13,css,5e59f41e,Marine Gapihan,2025-03-04,18:11:29,-05:00,2025-03-04T18:11:29-05:00,0,0
src/styles/style.css,14,css,5e59f41e,Marine Gapihan,2025-03-04,18:11:29,-05:00,2025-03-04T18:11:29-05:00,0,5
src/styles/style.css,15,css,5e59f41e,Marine Gapihan,2025-03-04,18:11:29,-05:00,2025-03-04T18:11:29-05:00,0,6
src/styles/style.css,16,css,5e59f41e,Marine Gapihan,2025-03-04,18:11:29,-05:00,2025-03-04T18:11:29-05:00,2,16
src/styles/style.css,17,css,5e59f41e,Marine Gapihan,2025-03-04,18:11:29,-05:00,2025-03-04T18:11:29-05:00,0,0
src/styles/style.css,18,css,5e59f41e,Marine Gapihan,2025-03-04,18:11:29,-05:00,2025-03-04T18:11:29-05:00,0,0
src/styles/style.css,19,css,5e59f41e,Marine Gapihan,2025-03-04,18:11:29,-05:00,2025-03-04T18:11:29-05:00,0,3
src/styles/style.css,20,css,5e59f41e,Marine Gapihan,2025-03-04,18:11:29,-05:00,2025-03-04T18:11:29-05:00,1,12
src/styles/style.css,21,css,5e59f41e,Marine Gapihan,2025-03-04,18:11:29,-05:00,2025-03-04T18:11:29-05:00,1,0
src/styles/style.css,22,css,5e59f41e,Marine Gapihan,2025-03-04,18:11:29,-05:00,2025-03-04T18:11:29-05:00,0,0
src/styles/style.css,23,css,5e59f41e,Marine Gapihan,2025-03-04,18:11:29,-05:00,2025-03-04T18:11:29-05:00,0,0
src/styles/style.css,24,css,5e59f41e,Marine Gapihan,2025-03-04,18:11:29,-05:00,2025-03-04T18:11:29-05:00,0,5
src/styles/style.css,25,css,5e59f41e,Marine Gapihan,2025-03-04,18:11:29,-05:00,2025-03-04T18:11:29-05:00,1,6
src/styles/style.css,26,css,5e59f41e,Marine Gapihan,2025-03-04,18:11:29,-05:00,2025-03-04T18:11:29-05:00,1,21
src/styles/style.css,27,css,5e59f41e,Marine Gapihan,2025-03-04,18:11:29,-05:00,2025-03-04T18:11:29-05:00,1,13
src/styles/style.css,28,css,5e59f41e,Marine Gapihan,2025-03-04,18:11:29,-05:00,2025-03-04T18:11:29-05:00,1,17
src/styles/style.css,29,css,5e59f41e,Marine Gapihan,2025-03-04,18:11:29,-05:00,2025-03-04T18:11:29-05:00,1,11
src/styles/style.css,30,css,5e59f41e,Marine Gapihan,2025-03-04,18:11:29,-05:00,2025-03-04T18:11:29-05:00,1,18
src/styles/style.css,31,css,5e59f41e,Marine Gapihan,2025-03-04,18:11:29,-05:00,2025-03-04T18:11:29-05:00,1,23
src/styles/style.css,32,css,5e59f41e,Marine Gapihan,2025-03-04,18:11:29,-05:00,2025-03-04T18:11:29-05:00,1,25
src/styles/style.css,33,css,5e59f41e,Marine Gapihan,2025-03-04,18:11:29,-05:00,2025-03-04T18:11:29-05:00,1,37
src/styles/style.css,34,css,5e59f41e,Marine Gapihan,2025-03-04,18:11:29,-05:00,2025-03-04T18:11:29-05:00,0,0
src/styles/style.css,35,css,5e59f41e,Marine Gapihan,2025-03-04,18:11:29,-05:00,2025-03-04T18:11:29-05:00,0,0
src/styles/style.css,36,css,5e59f41e,Marine Gapihan,2025-03-04,18:11:29,-05:00,2025-03-04T18:11:29-05:00,0,13
src/styles/style.css,37,css,5e59f41e,Marine Gapihan,2025-03-04,18:11:29,-05:00,2025-03-04T18:11:29-05:00,1,48
src/styles/style.css,38,css,5e59f41e,Marine Gapihan,2025-03-04,18:11:29,-05:00,2025-03-04T18:11:29-05:00,1,33
src/styles/style.css,39,css,5e59f41e,Marine Gapihan,2025-03-04,18:11:29,-05:00,2025-03-04T18:11:29-05:00,0,0
src/styles/style.css,40,css,5e59f41e,Marine Gapihan,2025-03-04,18:11:29,-05:00,2025-03-04T18:11:29-05:00,0,0
src/styles/style.css,41,css,5e59f41e,Marine Gapihan,2025-03-04,18:11:29,-05:00,2025-03-04T18:11:29-05:00,0,0
src/styles/style.css,42,css,5e59f41e,Marine Gapihan,2025-03-04,18:11:29,-05:00,2025-03-04T18:11:29-05:00,0,11
src/styles/style.css,43,css,5e59f41e,Marine Gapihan,2025-03-04,18:11:29,-05:00,2025-03-04T18:11:29-05:00,0,45
src/styles/style.css,44,css,5e59f41e,Marine Gapihan,2025-03-04,18:11:29,-05:00,2025-03-04T18:11:29-05:00,0,69
src/styles/style.css,45,css,5e59f41e,Marine Gapihan,2025-03-04,18:11:29,-05:00,2025-03-04T18:11:29-05:00,0,0
src/styles/style.css,46,css,5e59f41e,Marine Gapihan,2025-03-04,18:11:29,-05:00,2025-03-04T18:11:29-05:00,0,0
src/styles/style.css,47,css,5e59f41e,Marine Gapihan,2025-03-04,18:11:29,-05:00,2025-03-04T18:11:29-05:00,0,4
src/styles/style.css,48,css,5e59f41e,Marine Gapihan,2025-03-04,18:11:29,-05:00,2025-03-04T18:11:29-05:00,0,7
src/styles/style.css,49,css,5e59f41e,Marine Gapihan,2025-03-04,18:11:29,-05:00,2025-03-04T18:11:29-05:00,0,6
src/styles/style.css,50,css,5e59f41e,Marine Gapihan,2025-03-04,18:11:29,-05:00,2025-03-04T18:11:29-05:00,2,12
src/styles/style.css,51,css,5e59f41e,Marine Gapihan,2025-03-04,18:11:29,-05:00,2025-03-04T18:11:29-05:00,0,0
src/styles/style.css,52,css,5e59f41e,Marine Gapihan,2025-03-04,18:11:29,-05:00,2025-03-04T18:11:29-05:00,0,0
src/styles/style.css,53,css,5e59f41e,Marine Gapihan,2025-03-04,18:11:29,-05:00,2025-03-04T18:11:29-05:00,0,4
src/styles/style.css,54,css,5e59f41e,Marine Gapihan,2025-03-04,18:11:29,-05:00,2025-03-04T18:11:29-05:00,1,12
src/styles/style.css,55,css,5e59f41e,Marine Gapihan,2025-03-04,18:11:29,-05:00,2025-03-04T18:11:29-05:00,1,29
src/styles/style.css,56,css,5e59f41e,Marine Gapihan,2025-03-04,18:11:29,-05:00,2025-03-04T18:11:29-05:00,1,7
src/styles/style.css,57,css,5e59f41e,Marine Gapihan,2025-03-04,18:11:29,-05:00,2025-03-04T18:11:29-05:00,0,0
src/styles/style.css,58,css,5e59f41e,Marine Gapihan,2025-03-04,18:11:29,-05:00,2025-03-04T18:11:29-05:00,0,0
src/styles/style.css,59,css,5e59f41e,Marine Gapihan,2025-03-04,18:11:29,-05:00,2025-03-04T18:11:29-05:00,0,4
src/styles/style.css,60,css,5e59f41e,Marine Gapihan,2025-03-04,18:11:29,-05:00,2025-03-04T18:11:29-05:00,1,12
src/styles/style.css,61,css,5e59f41e,Marine Gapihan,2025-03-04,18:11:29,-05:00,2025-03-04T18:11:29-05:00,1,29
src/styles/style.css,62,css,5e59f41e,Marine Gapihan,2025-03-04,18:11:29,-05:00,2025-03-04T18:11:29-05:00,1,13
src/styles/style.css,63,css,5e59f41e,Marine Gapihan,2025-03-04,18:11:29,-05:00,2025-03-04T18:11:29-05:00,1,14
src/styles/style.css,64,css,5e59f41e,Marine Gapihan,2025-03-04,18:11:29,-05:00,2025-03-04T18:11:29-05:00,1,15
src/styles/style.css,65,css,5e59f41e,Marine Gapihan,2025-03-04,18:11:29,-05:00,2025-03-04T18:11:29-05:00,0,0
src/styles/style.css,66,css,5e59f41e,Marine Gapihan,2025-03-04,18:11:29,-05:00,2025-03-04T18:11:29-05:00,0,0
src/styles/style.css,67,css,5e59f41e,Marine Gapihan,2025-03-04,18:11:29,-05:00,2025-03-04T18:11:29-05:00,0,18
src/styles/style.css,68,css,5e59f41e,Marine Gapihan,2025-03-04,18:11:29,-05:00,2025-03-04T18:11:29-05:00,1,17
src/styles/style.css,69,css,5e59f41e,Marine Gapihan,2025-03-04,18:11:29,-05:00,2025-03-04T18:11:29-05:00,1,8
src/styles/style.css,70,css,5e59f41e,Marine Gapihan,2025-03-04,18:11:29,-05:00,2025-03-04T18:11:29-05:00,1,10
src/styles/style.css,71,css,5e59f41e,Marine Gapihan,2025-03-04,18:11:29,-05:00,2025-03-04T18:11:29-05:00,1,19
src/styles/style.css,72,css,5e59f41e,Marine Gapihan,2025-03-04,18:11:29,-05:00,2025-03-04T18:11:29-05:00,1,7
src/styles/style.css,73,css,5e59f41e,Marine Gapihan,2025-03-04,18:11:29,-05:00,2025-03-04T18:11:29-05:00,1,13
src/styles/style.css,74,css,5e59f41e,Marine Gapihan,2025-03-04,18:11:29,-05:00,2025-03-04T18:11:29-05:00,1,19
src/styles/style.css,75,css,5e59f41e,Marine Gapihan,2025-03-04,18:11:29,-05:00,2025-03-04T18:11:29-05:00,0,0
src/styles/style.css,76,css,5e59f41e,Marine Gapihan,2025-03-04,18:11:29,-05:00,2025-03-04T18:11:29-05:00,0,0
src/styles/style.css,77,css,5e59f41e,Marine Gapihan,2025-03-04,18:11:29,-05:00,2025-03-04T18:11:29-05:00,0,4
src/styles/style.css,78,css,5e59f41e,Marine Gapihan,2025-03-04,18:11:29,-05:00,2025-03-04T18:11:29-05:00,0,8
src/styles/style.css,79,css,5e59f41e,Marine Gapihan,2025-03-04,18:11:29,-05:00,2025-03-04T18:11:29-05:00,1,13
src/styles/style.css,80,css,5e59f41e,Marine Gapihan,2025-03-04,18:11:29,-05:00,2025-03-04T18:11:29-05:00,1,16
src/styles/style.css,81,css,5e59f41e,Marine Gapihan,2025-03-04,18:11:29,-05:00,2025-03-04T18:11:29-05:00,0,0
src/styles/style.css,82,css,5e59f41e,Marine Gapihan,2025-03-04,18:11:29,-05:00,2025-03-04T18:11:29-05:00,0,0
src/styles/style.css,83,css,5e59f41e,Marine Gapihan,2025-03-04,18:11:29,-05:00,2025-03-04T18:11:29-05:00,0,5
src/styles/style.css,84,css,5e59f41e,Marine Gapihan,2025-03-04,18:11:29,-05:00,2025-03-04T18:11:29-05:00,1,16
src/styles/style.css,85,css,5e59f41e,Marine Gapihan,2025-03-04,18:11:29,-05:00,2025-03-04T18:11:29-05:00,0,0
src/styles/style.css,86,css,5e59f41e,Marine Gapihan,2025-03-04,18:11:29,-05:00,2025-03-04T18:11:29-05:00,0,0
src/styles/style.css,87,css,5e59f41e,Marine Gapihan,2025-03-04,18:11:29,-05:00,2025-03-04T18:11:29-05:00,0,2
src/styles/style.css,88,css,5e59f41e,Marine Gapihan,2025-03-04,18:11:29,-05:00,2025-03-04T18:11:29-05:00,1,14
src/styles/style.css,89,css,5e59f41e,Marine Gapihan,2025-03-04,18:11:29,-05:00,2025-03-04T18:11:29-05:00,0,0
src/styles/style.css,90,css,5e59f41e,Marine Gapihan,2025-03-04,18:11:29,-05:00,2025-03-04T18:11:29-05:00,0,0
src/styles/style.css,91,css,5e59f41e,Marine Gapihan,2025-03-04,18:11:29,-05:00,2025-03-04T18:11:29-05:00,0,8
src/styles/style.css,92,css,5e59f41e,Marine Gapihan,2025-03-04,18:11:29,-05:00,2025-03-04T18:11:29-05:00,1,12
src/styles/style.css,93,css,5e59f41e,Marine Gapihan,2025-03-04,18:11:29,-05:00,2025-03-04T18:11:29-05:00,1,58
src/styles/style.css,94,css,5e59f41e,Marine Gapihan,2025-03-04,18:11:29,-05:00,2025-03-04T18:11:29-05:00,1,14
src/styles/style.css,95,css,5e59f41e,Marine Gapihan,2025-03-04,18:11:29,-05:00,2025-03-04T18:11:29-05:00,1,13
src/styles/style.css,96,css,5e59f41e,Marine Gapihan,2025-03-04,18:11:29,-05:00,2025-03-04T18:11:29-05:00,1,10
src/styles/style.css,97,css,5e59f41e,Marine Gapihan,2025-03-04,18:11:29,-05:00,2025-03-04T18:11:29-05:00,0,0
src/styles/style.css,98,css,5e59f41e,Marine Gapihan,2025-03-04,18:11:29,-05:00,2025-03-04T18:11:29-05:00,0,0
src/styles/style.css,99,css,5e59f41e,Marine Gapihan,2025-03-04,18:11:29,-05:00,2025-03-04T18:11:29-05:00,0,7
src/styles/style.css,100,css,5e59f41e,Marine Gapihan,2025-03-04,18:11:29,-05:00,2025-03-04T18:11:29-05:00,1,12
src/styles/style.css,101,css,5e59f41e,Marine Gapihan,2025-03-04,18:11:29,-05:00,2025-03-04T18:11:29-05:00,1,26
src/styles/style.css,102,css,5e59f41e,Marine Gapihan,2025-03-04,18:11:29,-05:00,2025-03-04T18:11:29-05:00,1,15
src/styles/style.css,103,css,5e59f41e,Marine Gapihan,2025-03-04,18:11:29,-05:00,2025-03-04T18:11:29-05:00,1,10
src/styles/style.css,104,css,5e59f41e,Marine Gapihan,2025-03-04,18:11:29,-05:00,2025-03-04T18:11:29-05:00,0,0
src/styles/style.css,105,css,5e59f41e,Marine Gapihan,2025-03-04,18:11:29,-05:00,2025-03-04T18:11:29-05:00,0,0
src/styles/style.css,106,css,5e59f41e,Marine Gapihan,2025-03-04,18:11:29,-05:00,2025-03-04T18:11:29-05:00,0,10
src/styles/style.css,107,css,5e59f41e,Marine Gapihan,2025-03-04,18:11:29,-05:00,2025-03-04T18:11:29-05:00,1,8
src/styles/style.css,108,css,5e59f41e,Marine Gapihan,2025-03-04,18:11:29,-05:00,2025-03-04T18:11:29-05:00,1,20
src/styles/style.css,109,css,5e59f41e,Marine Gapihan,2025-03-04,18:11:29,-05:00,2025-03-04T18:11:29-05:00,0,0
src/styles/style.css,110,css,5e59f41e,Marine Gapihan,2025-03-04,18:11:29,-05:00,2025-03-04T18:11:29-05:00,0,0
src/styles/style.css,111,css,5e59f41e,Marine Gapihan,2025-03-04,18:11:29,-05:00,2025-03-04T18:11:29-05:00,0,9
src/styles/style.css,112,css,5e59f41e,Marine Gapihan,2025-03-04,18:11:29,-05:00,2025-03-04T18:11:29-05:00,1,18
src/styles/style.css,113,css,5e59f41e,Marine Gapihan,2025-03-04,18:11:29,-05:00,2025-03-04T18:11:29-05:00,0,0
src/styles/style.css,114,css,5e59f41e,Marine Gapihan,2025-03-04,18:11:29,-05:00,2025-03-04T18:11:29-05:00,0,0
src/styles/style.css,115,css,5e59f41e,Marine Gapihan,2025-03-04,18:11:29,-05:00,2025-03-04T18:11:29-05:00,0,1
src/styles/style.css,116,css,5e59f41e,Marine Gapihan,2025-03-04,18:11:29,-05:00,2025-03-04T18:11:29-05:00,1,13
src/styles/style.css,117,css,5e59f41e,Marine Gapihan,2025-03-04,18:11:29,-05:00,2025-03-04T18:11:29-05:00,0,0
src/styles/style.css,118,css,5e59f41e,Marine Gapihan,2025-03-04,18:11:29,-05:00,2025-03-04T18:11:29-05:00,0,0
src/styles/style.css,119,css,5e59f41e,Marine Gapihan,2025-03-04,18:11:29,-05:00,2025-03-04T18:11:29-05:00,0,1
src/styles/style.css,120,css,5e59f41e,Marine Gapihan,2025-03-04,18:11:29,-05:00,2025-03-04T18:11:29-05:00,1,13
src/styles/style.css,121,css,5e59f41e,Marine Gapihan,2025-03-04,18:11:29,-05:00,2025-03-04T18:11:29-05:00,0,0
src/styles/style.css,122,css,5e59f41e,Marine Gapihan,2025-03-04,18:11:29,-05:00,2025-03-04T18:11:29-05:00,0,0
src/styles/style.css,123,css,5e59f41e,Marine Gapihan,2025-03-04,18:11:29,-05:00,2025-03-04T18:11:29-05:00,0,0
src/styles/style.css,124,css,5e59f41e,Marine Gapihan,2025-03-04,18:11:29,-05:00,2025-03-04T18:11:29-05:00,1,14
src/styles/style.css,125,css,5e59f41e,Marine Gapihan,2025-03-04,18:11:29,-05:00,2025-03-04T18:11:29-05:00,0,0
src/styles/style.css,126,css,5e59f41e,Marine Gapihan,2025-03-04,18:11:29,-05:00,2025-03-04T18:11:29-05:00,0,0
src/styles/style.css,127,css,5e59f41e,Marine Gapihan,2025-03-04,18:11:29,-05:00,2025-03-04T18:11:29-05:00,0,22
src/styles/style.css,128,css,5e59f41e,Marine Gapihan,2025-03-04,18:11:29,-05:00,2025-03-04T18:11:29-05:00,1,15
src/styles/style.css,129,css,5e59f41e,Marine Gapihan,2025-03-04,18:11:29,-05:00,2025-03-04T18:11:29-05:00,1,17
src/styles/style.css,130,css,5e59f41e,Marine Gapihan,2025-03-04,18:11:29,-05:00,2025-03-04T18:11:29-05:00,0,0
src/styles/style.css,131,css,5e59f41e,Marine Gapihan,2025-03-04,18:11:29,-05:00,2025-03-04T18:11:29-05:00,0,0
src/styles/style.css,132,css,c06484d9,Marine Gapihan,2025-03-12,10:29:17,-04:00,2025-03-12T10:29:17-04:00,0,2
src/styles/style.css,133,css,c06484d9,Marine Gapihan,2025-03-12,10:29:17,-04:00,2025-03-12T10:29:17-04:00,1,12
src/styles/style.css,134,css,c06484d9,Marine Gapihan,2025-03-12,10:29:17,-04:00,2025-03-12T10:29:17-04:00,1,33
src/styles/style.css,135,css,b8e9e0d8,Marine Gapihan,2025-03-12,10:42:56,-04:00,2025-03-12T10:42:56-04:00,1,33
src/styles/style.css,136,css,c06484d9,Marine Gapihan,2025-03-12,10:29:17,-04:00,2025-03-12T10:29:17-04:00,1,12
src/styles/style.css,137,css,c06484d9,Marine Gapihan,2025-03-12,10:29:17,-04:00,2025-03-12T10:29:17-04:00,1,11
src/styles/style.css,138,css,c06484d9,Marine Gapihan,2025-03-12,10:29:17,-04:00,2025-03-12T10:29:17-04:00,1,17
src/styles/style.css,139,css,c06484d9,Marine Gapihan,2025-03-12,10:29:17,-04:00,2025-03-12T10:29:17-04:00,0,0
src/styles/style.css,140,css,c06484d9,Marine Gapihan,2025-03-12,10:29:17,-04:00,2025-03-12T10:29:17-04:00,0,0
src/styles/style.css,141,css,c06484d9,Marine Gapihan,2025-03-12,10:29:17,-04:00,2025-03-12T10:29:17-04:00,0,2
src/styles/style.css,142,css,c06484d9,Marine Gapihan,2025-03-12,10:29:17,-04:00,2025-03-12T10:29:17-04:00,1,10
src/styles/style.css,143,css,c06484d9,Marine Gapihan,2025-03-12,10:29:17,-04:00,2025-03-12T10:29:17-04:00,1,14
src/styles/style.css,144,css,c06484d9,Marine Gapihan,2025-03-12,10:29:17,-04:00,2025-03-12T10:29:17-04:00,0,0
src/styles/style.css,145,css,c06484d9,Marine Gapihan,2025-03-12,10:29:17,-04:00,2025-03-12T10:29:17-04:00,0,0
src/styles/style.css,146,css,c06484d9,Marine Gapihan,2025-03-12,10:29:17,-04:00,2025-03-12T10:29:17-04:00,0,2
src/styles/style.css,147,css,c06484d9,Marine Gapihan,2025-03-12,10:29:17,-04:00,2025-03-12T10:29:17-04:00,1,10
src/styles/style.css,148,css,c06484d9,Marine Gapihan,2025-03-12,10:29:17,-04:00,2025-03-12T10:29:17-04:00,1,16
src/styles/style.css,149,css,c06484d9,Marine Gapihan,2025-03-12,10:29:17,-04:00,2025-03-12T10:29:17-04:00,0,0
src/styles/style.css,150,css,c06484d9,Marine Gapihan,2025-03-12,10:29:17,-04:00,2025-03-12T10:29:17-04:00,0,0
src/styles/style.css,151,css,5e59f41e,Marine Gapihan,2025-03-04,18:11:29,-05:00,2025-03-04T18:11:29-05:00,0,7
src/styles/style.css,152,css,5e59f41e,Marine Gapihan,2025-03-04,18:11:29,-05:00,2025-03-04T18:11:29-05:00,1,16
src/styles/style.css,153,css,5e59f41e,Marine Gapihan,2025-03-04,18:11:29,-05:00,2025-03-04T18:11:29-05:00,1,13
src/styles/style.css,154,css,5e59f41e,Marine Gapihan,2025-03-04,18:11:29,-05:00,2025-03-04T18:11:29-05:00,1,24
src/styles/style.css,155,css,5e59f41e,Marine Gapihan,2025-03-04,18:11:29,-05:00,2025-03-04T18:11:29-05:00,1,14
src/styles/style.css,156,css,5e59f41e,Marine Gapihan,2025-03-04,18:11:29,-05:00,2025-03-04T18:11:29-05:00,1,17
src/styles/style.css,157,css,5e59f41e,Marine Gapihan,2025-03-04,18:11:29,-05:00,2025-03-04T18:11:29-05:00,1,39
src/styles/style.css,158,css,5e59f41e,Marine Gapihan,2025-03-04,18:11:29,-05:00,2025-03-04T18:11:29-05:00,0,0
src/styles/style.css,159,css,5e59f41e,Marine Gapihan,2025-03-04,18:11:29,-05:00,2025-03-04T18:11:29-05:00,0,0
src/styles/style.css,160,css,5e59f41e,Marine Gapihan,2025-03-04,18:11:29,-05:00,2025-03-04T18:11:29-05:00,0,15
src/styles/style.css,161,css,5e59f41e,Marine Gapihan,2025-03-04,18:11:29,-05:00,2025-03-04T18:11:29-05:00,1,18
src/styles/style.css,162,css,5e59f41e,Marine Gapihan,2025-03-04,18:11:29,-05:00,2025-03-04T18:11:29-05:00,1,12
src/styles/style.css,163,css,5e59f41e,Marine Gapihan,2025-03-04,18:11:29,-05:00,2025-03-04T18:11:29-05:00,1,16
src/styles/style.css,164,css,5e59f41e,Marine Gapihan,2025-03-04,18:11:29,-05:00,2025-03-04T18:11:29-05:00,1,21
src/styles/style.css,165,css,5e59f41e,Marine Gapihan,2025-03-04,18:11:29,-05:00,2025-03-04T18:11:29-05:00,1,24
src/styles/style.css,166,css,5e59f41e,Marine Gapihan,2025-03-04,18:11:29,-05:00,2025-03-04T18:11:29-05:00,0,0
src/styles/style.css,167,css,5e59f41e,Marine Gapihan,2025-03-04,18:11:29,-05:00,2025-03-04T18:11:29-05:00,0,0
src/styles/style.css,168,css,5e59f41e,Marine Gapihan,2025-03-04,18:11:29,-05:00,2025-03-04T18:11:29-05:00,0,9
src/styles/style.css,169,css,5e59f41e,Marine Gapihan,2025-03-04,18:11:29,-05:00,2025-03-04T18:11:29-05:00,1,16
src/styles/style.css,170,css,5e59f41e,Marine Gapihan,2025-03-04,18:11:29,-05:00,2025-03-04T18:11:29-05:00,1,18
src/styles/style.css,171,css,5e59f41e,Marine Gapihan,2025-03-04,18:11:29,-05:00,2025-03-04T18:11:29-05:00,1,13
src/styles/style.css,172,css,5e59f41e,Marine Gapihan,2025-03-04,18:11:29,-05:00,2025-03-04T18:11:29-05:00,0,0
src/styles/style.css,173,css,5e59f41e,Marine Gapihan,2025-03-04,18:11:29,-05:00,2025-03-04T18:11:29-05:00,0,10
src/styles/style.css,174,css,5e59f41e,Marine Gapihan,2025-03-04,18:11:29,-05:00,2025-03-04T18:11:29-05:00,1,16
src/styles/style.css,175,css,5e59f41e,Marine Gapihan,2025-03-04,18:11:29,-05:00,2025-03-04T18:11:29-05:00,1,18
src/styles/style.css,176,css,5e59f41e,Marine Gapihan,2025-03-04,18:11:29,-05:00,2025-03-04T18:11:29-05:00,1,13
src/styles/style.css,177,css,5e59f41e,Marine Gapihan,2025-03-04,18:11:29,-05:00,2025-03-04T18:11:29-05:00,0,0
src/styles/style.css,178,css,5e59f41e,Marine Gapihan,2025-03-04,18:11:29,-05:00,2025-03-04T18:11:29-05:00,0,0
src/styles/style.css,179,css,5e59f41e,Marine Gapihan,2025-03-04,18:11:29,-05:00,2025-03-04T18:11:29-05:00,0,14
src/styles/style.css,180,css,5e59f41e,Marine Gapihan,2025-03-04,18:11:29,-05:00,2025-03-04T18:11:29-05:00,1,13
src/styles/style.css,181,css,5e59f41e,Marine Gapihan,2025-03-04,18:11:29,-05:00,2025-03-04T18:11:29-05:00,1,16
src/styles/style.css,182,css,5e59f41e,Marine Gapihan,2025-03-04,18:11:29,-05:00,2025-03-04T18:11:29-05:00,1,13
src/styles/style.css,183,css,5e59f41e,Marine Gapihan,2025-03-04,18:11:29,-05:00,2025-03-04T18:11:29-05:00,0,0
src/styles/style.css,184,css,5e59f41e,Marine Gapihan,2025-03-04,18:11:29,-05:00,2025-03-04T18:11:29-05:00,0,0
src/styles/style.css,185,css,5e59f41e,Marine Gapihan,2025-03-04,18:11:29,-05:00,2025-03-04T18:11:29-05:00,0,8
src/styles/style.css,186,css,5e59f41e,Marine Gapihan,2025-03-04,18:11:29,-05:00,2025-03-04T18:11:29-05:00,1,14
src/styles/style.css,187,css,5e59f41e,Marine Gapihan,2025-03-04,18:11:29,-05:00,2025-03-04T18:11:29-05:00,1,13
src/styles/style.css,188,css,5e59f41e,Marine Gapihan,2025-03-04,18:11:29,-05:00,2025-03-04T18:11:29-05:00,0,0
src/styles/style.css,189,css,89c008f8,Marine Gapihan,2025-03-16,14:33:58,-04:00,2025-03-16T14:33:58-04:00,0,0
src/styles/style.css,190,css,89c008f8,Marine Gapihan,2025-03-16,14:33:58,-04:00,2025-03-16T14:33:58-04:00,1,0
src/routes/+page.svelte,1,svelte,88651a4d,Marine Gapihan,2025-03-05,17:54:22,-05:00,2025-03-05T17:54:22-05:00,0,6
src/routes/+page.svelte,2,js,88651a4d,Marine Gapihan,2025-03-05,17:54:22,-05:00,2025-03-05T17:54:22-05:00,1,40
src/routes/+page.svelte,3,js,88651a4d,Marine Gapihan,2025-03-05,17:54:22,-05:00,2025-03-05T17:54:22-05:00,1,40
src/routes/+page.svelte,4,svelte,88651a4d,Marine Gapihan,2025-03-05,17:54:22,-05:00,2025-03-05T17:54:22-05:00,0,7
src/routes/+page.svelte,5,svelte,88651a4d,Marine Gapihan,2025-03-05,17:54:22,-05:00,2025-03-05T17:54:22-05:00,0,0
src/routes/+page.svelte,6,svelte,5e59f41e,Marine Gapihan,2025-03-04,18:11:29,-05:00,2025-03-04T18:11:29-05:00,0,11
src/routes/+page.svelte,7,svelte,5e59f41e,Marine Gapihan,2025-03-04,18:11:29,-05:00,2025-03-04T18:11:29-05:00,1,27
src/routes/+page.svelte,8,svelte,5e59f41e,Marine Gapihan,2025-03-04,18:11:29,-05:00,2025-03-04T18:11:29-05:00,0,12
src/routes/+page.svelte,9,svelte,5e59f41e,Marine Gapihan,2025-03-04,18:11:29,-05:00,2025-03-04T18:11:29-05:00,0,0
src/routes/+page.svelte,10,svelte,5e59f41e,Marine Gapihan,2025-03-04,18:11:29,-05:00,2025-03-04T18:11:29-05:00,2,13
src/routes/+page.svelte,11,svelte,5e59f41e,Marine Gapihan,2025-03-04,18:11:29,-05:00,2025-03-04T18:11:29-05:00,2,199
src/routes/+page.svelte,12,svelte,5e59f41e,Marine Gapihan,2025-03-04,18:11:29,-05:00,2025-03-04T18:11:29-05:00,2,71
src/routes/+page.svelte,13,svelte,88651a4d,Marine Gapihan,2025-03-05,17:54:22,-05:00,2025-03-05T17:54:22-05:00,0,0
src/routes/+page.svelte,14,svelte,c06484d9,Marine Gapihan,2025-03-12,10:29:17,-04:00,2025-03-12T10:29:17-04:00,2,59
src/routes/+page.svelte,15,svelte,c06484d9,Marine Gapihan,2025-03-12,10:29:17,-04:00,2025-03-12T10:29:17-04:00,2,15
src/routes/+page.svelte,16,svelte,c06484d9,Marine Gapihan,2025-03-12,10:29:17,-04:00,2025-03-12T10:29:17-04:00,1,14
src/routes/+page.svelte,17,svelte,c06484d9,Marine Gapihan,2025-03-12,10:29:17,-04:00,2025-03-12T10:29:17-04:00,2,22
src/routes/+page.svelte,18,svelte,c06484d9,Marine Gapihan,2025-03-12,10:29:17,-04:00,2025-03-12T10:29:17-04:00,3,16
src/routes/+page.svelte,19,svelte,c06484d9,Marine Gapihan,2025-03-12,10:29:17,-04:00,2025-03-12T10:29:17-04:00,2,10
src/routes/+page.svelte,20,svelte,c06484d9,Marine Gapihan,2025-03-12,10:29:17,-04:00,2025-03-12T10:29:17-04:00,3,7
src/routes/+page.svelte,21,svelte,c06484d9,Marine Gapihan,2025-03-12,10:29:17,-04:00,2025-03-12T10:29:17-04:00,4,22
src/routes/+page.svelte,22,svelte,c06484d9,Marine Gapihan,2025-03-12,10:29:17,-04:00,2025-03-12T10:29:17-04:00,4,2
src/routes/+page.svelte,23,svelte,c06484d9,Marine Gapihan,2025-03-12,10:29:17,-04:00,2025-03-12T10:29:17-04:00,5,17
src/routes/+page.svelte,24,svelte,c06484d9,Marine Gapihan,2025-03-12,10:29:17,-04:00,2025-03-12T10:29:17-04:00,5,23
src/routes/+page.svelte,25,svelte,c06484d9,Marine Gapihan,2025-03-12,10:29:17,-04:00,2025-03-12T10:29:17-04:00,5,17
src/routes/+page.svelte,26,svelte,c06484d9,Marine Gapihan,2025-03-12,10:29:17,-04:00,2025-03-12T10:29:17-04:00,5,23
src/routes/+page.svelte,27,svelte,c06484d9,Marine Gapihan,2025-03-12,10:29:17,-04:00,2025-03-12T10:29:17-04:00,5,27
src/routes/+page.svelte,28,svelte,c06484d9,Marine Gapihan,2025-03-12,10:29:17,-04:00,2025-03-12T10:29:17-04:00,5,26
src/routes/+page.svelte,29,svelte,c06484d9,Marine Gapihan,2025-03-12,10:29:17,-04:00,2025-03-12T10:29:17-04:00,4,3
src/routes/+page.svelte,30,svelte,c06484d9,Marine Gapihan,2025-03-12,10:29:17,-04:00,2025-03-12T10:29:17-04:00,3,8
src/routes/+page.svelte,31,svelte,c06484d9,Marine Gapihan,2025-03-12,10:29:17,-04:00,2025-03-12T10:29:17-04:00,2,12
src/routes/+page.svelte,32,svelte,c06484d9,Marine Gapihan,2025-03-12,10:29:17,-04:00,2025-03-12T10:29:17-04:00,3,56
src/routes/+page.svelte,33,svelte,c06484d9,Marine Gapihan,2025-03-12,10:29:17,-04:00,2025-03-12T10:29:17-04:00,2,6
src/routes/+page.svelte,34,svelte,c06484d9,Marine Gapihan,2025-03-12,10:29:17,-04:00,2025-03-12T10:29:17-04:00,1,12
src/routes/+page.svelte,35,svelte,c06484d9,Marine Gapihan,2025-03-12,10:29:17,-04:00,2025-03-12T10:29:17-04:00,2,56
src/routes/+page.svelte,36,svelte,c06484d9,Marine Gapihan,2025-03-12,10:29:17,-04:00,2025-03-12T10:29:17-04:00,1,6
src/routes/+page.svelte,37,svelte,c06484d9,Marine Gapihan,2025-03-12,10:29:17,-04:00,2025-03-12T10:29:17-04:00,0,0
src/routes/+page.svelte,38,svelte,b8e9e0d8,Marine Gapihan,2025-03-12,10:42:56,-04:00,2025-03-12T10:42:56-04:00,0,2
src/routes/+page.svelte,39,svelte,88651a4d,Marine Gapihan,2025-03-05,17:54:22,-05:00,2025-03-05T17:54:22-05:00,2,22
src/routes/+page.svelte,40,svelte,88651a4d,Marine Gapihan,2025-03-05,17:54:22,-05:00,2025-03-05T17:54:22-05:00,0,0
src/routes/+page.svelte,41,svelte,88651a4d,Marine Gapihan,2025-03-05,17:54:22,-05:00,2025-03-05T17:54:22-05:00,2,20
src/routes/+page.svelte,42,svelte,88651a4d,Marine Gapihan,2025-03-05,17:54:22,-05:00,2025-03-05T17:54:22-05:00,3,31
src/routes/+page.svelte,43,svelte,88651a4d,Marine Gapihan,2025-03-05,17:54:22,-05:00,2025-03-05T17:54:22-05:00,0,0
src/routes/+page.svelte,44,svelte,88651a4d,Marine Gapihan,2025-03-05,17:54:22,-05:00,2025-03-05T17:54:22-05:00,3,28
src/routes/+page.svelte,45,svelte,88651a4d,Marine Gapihan,2025-03-05,17:54:22,-05:00,2025-03-05T17:54:22-05:00,0,0
src/routes/+page.svelte,46,svelte,88651a4d,Marine Gapihan,2025-03-05,17:54:22,-05:00,2025-03-05T17:54:22-05:00,3,5
src/routes/+page.svelte,47,svelte,88651a4d,Marine Gapihan,2025-03-05,17:54:22,-05:00,2025-03-05T17:54:22-05:00,0,0
src/routes/+page.svelte,48,svelte,88651a4d,Marine Gapihan,2025-03-05,17:54:22,-05:00,2025-03-05T17:54:22-05:00,1,4
src/routes/+layout.svelte,1,svelte,a9aa343e,Marine Gapihan,2025-03-06,15:56:40,-05:00,2025-03-06T15:56:40-05:00,0,0
src/routes/+layout.svelte,2,svelte,a9aa343e,Marine Gapihan,2025-03-06,15:56:40,-05:00,2025-03-06T15:56:40-05:00,0,6
src/routes/+layout.svelte,3,js,3f4e8d10,Marine Gapihan,2025-03-10,09:11:21,-04:00,2025-03-10T09:11:21-04:00,0,33
src/routes/+layout.svelte,4,js,e77c925a,Marine Gapihan,2025-03-10,10:17:50,-04:00,2025-03-10T10:17:50-04:00,0,27
src/routes/+layout.svelte,5,js,e77c925a,Marine Gapihan,2025-03-10,10:17:50,-04:00,2025-03-10T10:17:50-04:00,0,0
src/routes/+layout.svelte,6,js,3f4e8d10,Marine Gapihan,2025-03-10,09:11:21,-04:00,2025-03-10T09:11:21-04:00,0,0
src/routes/+layout.svelte,7,js,a9aa343e,Marine Gapihan,2025-03-06,15:56:40,-05:00,2025-03-06T15:56:40-05:00,0,11
src/routes/+layout.svelte,8,js,f9b1c65b,Marine Gapihan,2025-03-12,11:33:54,-04:00,2025-03-12T11:33:54-04:00,0,25
src/routes/+layout.svelte,9,js,b11d6153,Marine Gapihan,2025-03-12,11:33:08,-04:00,2025-03-12T11:33:08-04:00,0,37
src/routes/+layout.svelte,10,js,b11d6153,Marine Gapihan,2025-03-12,11:33:08,-04:00,2025-03-12T11:33:08-04:00,2,35
src/routes/+layout.svelte,11,js,b11d6153,Marine Gapihan,2025-03-12,11:33:08,-04:00,2025-03-12T11:33:08-04:00,2,29
src/routes/+layout.svelte,12,js,00000000,Not Committed Yet,2025-03-30,13:39:22,-04:00,2025-03-30T13:39:22-04:00,2,29
src/routes/+layout.svelte,13,js,a9aa343e,Marine Gapihan,2025-03-06,15:56:40,-05:00,2025-03-06T15:56:40-05:00,2,58
src/routes/+layout.svelte,14,js,a9aa343e,Marine Gapihan,2025-03-06,15:56:40,-05:00,2025-03-06T15:56:40-05:00,0,0
src/routes/+layout.svelte,15,js,a9aa343e,Marine Gapihan,2025-03-06,15:56:40,-05:00,2025-03-06T15:56:40-05:00,0,0
src/routes/+layout.svelte,16,js,c06484d9,Marine Gapihan,2025-03-12,10:29:17,-04:00,2025-03-12T10:29:17-04:00,0,75
src/routes/+layout.svelte,17,js,0fdd4b47,Marine Gapihan,2025-03-10,11:02:02,-04:00,2025-03-10T11:02:02-04:00,0,0
src/routes/+layout.svelte,18,js,0fdd4b47,Marine Gapihan,2025-03-10,11:02:02,-04:00,2025-03-10T11:02:02-04:00,0,47
src/routes/+layout.svelte,19,js,0fdd4b47,Marine Gapihan,2025-03-10,11:02:02,-04:00,2025-03-10T11:02:02-04:00,0,0
src/routes/+layout.svelte,20,js,0fdd4b47,Marine Gapihan,2025-03-10,11:02:02,-04:00,2025-03-10T11:02:02-04:00,0,54
src/routes/+layout.svelte,21,js,0fdd4b47,Marine Gapihan,2025-03-10,11:02:02,-04:00,2025-03-10T11:02:02-04:00,0,0
src/routes/+layout.svelte,22,js,c06484d9,Marine Gapihan,2025-03-12,10:29:17,-04:00,2025-03-12T10:29:17-04:00,0,2
src/routes/+layout.svelte,23,js,c06484d9,Marine Gapihan,2025-03-12,10:29:17,-04:00,2025-03-12T10:29:17-04:00,2,28
src/routes/+layout.svelte,24,js,c06484d9,Marine Gapihan,2025-03-12,10:29:17,-04:00,2025-03-12T10:29:17-04:00,4,58
src/routes/+layout.svelte,25,js,c06484d9,Marine Gapihan,2025-03-12,10:29:17,-04:00,2025-03-12T10:29:17-04:00,2,0
src/routes/+layout.svelte,26,js,c06484d9,Marine Gapihan,2025-03-12,10:29:17,-04:00,2025-03-12T10:29:17-04:00,0,0
src/routes/+layout.svelte,27,js,a9aa343e,Marine Gapihan,2025-03-06,15:56:40,-05:00,2025-03-06T15:56:40-05:00,0,0
src/routes/+layout.svelte,28,svelte,a9aa343e,Marine Gapihan,2025-03-06,15:56:40,-05:00,2025-03-06T15:56:40-05:00,0,7
src/routes/+layout.svelte,29,svelte,a9aa343e,Marine Gapihan,2025-03-06,15:56:40,-05:00,2025-03-06T15:56:40-05:00,0,0
src/routes/+layout.svelte,30,svelte,0fdd4b47,Marine Gapihan,2025-03-10,11:02:02,-04:00,2025-03-10T11:02:02-04:00,0,42
src/routes/+layout.svelte,31,svelte,3f4e8d10,Marine Gapihan,2025-03-10,09:11:21,-04:00,2025-03-10T09:11:21-04:00,0,0
src/routes/+layout.svelte,32,svelte,a9aa343e,Marine Gapihan,2025-03-06,15:56:40,-05:00,2025-03-06T15:56:40-05:00,0,3
src/routes/+layout.svelte,33,svelte,3f4e8d10,Marine Gapihan,2025-03-10,09:11:21,-04:00,2025-03-10T09:11:21-04:00,0,0
src/routes/+layout.svelte,34,svelte,a9aa343e,Marine Gapihan,2025-03-06,15:56:40,-05:00,2025-03-06T15:56:40-05:00,2,16
src/routes/+layout.svelte,35,svelte,3f4e8d10,Marine Gapihan,2025-03-10,09:11:21,-04:00,2025-03-10T09:11:21-04:00,2,0
src/routes/+layout.svelte,36,svelte,3f4e8d10,Marine Gapihan,2025-03-10,09:11:21,-04:00,2025-03-10T09:11:21-04:00,2,10
src/routes/+layout.svelte,37,svelte,b49f071e,Marine Gapihan,2025-03-12,15:04:52,-04:00,2025-03-12T15:04:52-04:00,2,42
src/routes/+layout.svelte,38,svelte,3f4e8d10,Marine Gapihan,2025-03-10,09:11:21,-04:00,2025-03-10T09:11:21-04:00,2,49
src/routes/+layout.svelte,39,svelte,3f4e8d10,Marine Gapihan,2025-03-10,09:11:21,-04:00,2025-03-10T09:11:21-04:00,1,0
src/routes/+layout.svelte,40,svelte,3f4e8d10,Marine Gapihan,2025-03-10,09:11:21,-04:00,2025-03-10T09:11:21-04:00,2,7
src/routes/+layout.svelte,41,svelte,3f4e8d10,Marine Gapihan,2025-03-10,09:11:21,-04:00,2025-03-10T09:11:21-04:00,1,2
src/routes/+layout.svelte,42,svelte,3f4e8d10,Marine Gapihan,2025-03-10,09:11:21,-04:00,2025-03-10T09:11:21-04:00,1,5
src/routes/+layout.svelte,43,svelte,a9aa343e,Marine Gapihan,2025-03-06,15:56:40,-05:00,2025-03-06T15:56:40-05:00,0,4
src/routes/+layout.svelte,44,svelte,a9aa343e,Marine Gapihan,2025-03-06,15:56:40,-05:00,2025-03-06T15:56:40-05:00,0,0
src/routes/+layout.svelte,45,svelte,0fdd4b47,Marine Gapihan,2025-03-10,11:02:02,-04:00,2025-03-10T11:02:02-04:00,0,26
src/routes/+layout.svelte,46,svelte,0fdd4b47,Marine Gapihan,2025-03-10,11:02:02,-04:00,2025-03-10T11:02:02-04:00,2,4
src/routes/+layout.svelte,47,svelte,0fdd4b47,Marine Gapihan,2025-03-10,11:02:02,-04:00,2025-03-10T11:02:02-04:00,2,33
src/routes/+layout.svelte,48,svelte,0fdd4b47,Marine Gapihan,2025-03-10,11:02:02,-04:00,2025-03-10T11:02:02-04:00,4,43
src/routes/+layout.svelte,49,svelte,0fdd4b47,Marine Gapihan,2025-03-10,11:02:02,-04:00,2025-03-10T11:02:02-04:00,4,32
src/routes/+layout.svelte,50,svelte,0fdd4b47,Marine Gapihan,2025-03-10,11:02:02,-04:00,2025-03-10T11:02:02-04:00,4,34
src/routes/+layout.svelte,51,svelte,0fdd4b47,Marine Gapihan,2025-03-10,11:02:02,-04:00,2025-03-10T11:02:02-04:00,2,7
src/routes/+layout.svelte,52,svelte,0fdd4b47,Marine Gapihan,2025-03-10,11:02:02,-04:00,2025-03-10T11:02:02-04:00,0,6
src/routes/+layout.svelte,53,svelte,0fdd4b47,Marine Gapihan,2025-03-10,11:02:02,-04:00,2025-03-10T11:02:02-04:00,0,0
src/routes/+layout.svelte,54,svelte,0fdd4b47,Marine Gapihan,2025-03-10,11:02:02,-04:00,2025-03-10T11:02:02-04:00,0,5
src/routes/+layout.svelte,55,css,0fdd4b47,Marine Gapihan,2025-03-10,11:02:02,-04:00,2025-03-10T11:02:02-04:00,0,0
src/routes/+layout.svelte,56,svelte,0fdd4b47,Marine Gapihan,2025-03-10,11:02:02,-04:00,2025-03-10T11:02:02-04:00,0,6
src/routes/+layout.svelte,57,svelte,3f4e8d10,Marine Gapihan,2025-03-10,09:11:21,-04:00,2025-03-10T09:11:21-04:00,0,0
src/routes/+layout.svelte,58,svelte,c06484d9,Marine Gapihan,2025-03-12,10:29:17,-04:00,2025-03-12T10:29:17-04:00,0,5
src/routes/projects/+page.svelte,1,svelte,2158e226,Marine Gapihan,2025-03-05,10:58:27,-05:00,2025-03-05T10:58:27-05:00,0,6
src/routes/projects/+page.svelte,2,js,a297391a,Marine Gapihan,2025-03-17,11:49:19,-04:00,2025-03-17T11:49:19-04:00,2,23
src/routes/projects/+page.svelte,3,js,a297391a,Marine Gapihan,2025-03-17,11:49:19,-04:00,2025-03-17T11:49:19-04:00,1,13
src/routes/projects/+page.svelte,4,js,a297391a,Marine Gapihan,2025-03-17,11:49:19,-04:00,2025-03-17T11:49:19-04:00,1,48
src/routes/projects/+page.svelte,5,js,3fbcebb3,Marine Gapihan,2025-03-18,10:39:48,-04:00,2025-03-18T10:39:48-04:00,0,59
src/routes/projects/+page.svelte,6,js,3fbcebb3,Marine Gapihan,2025-03-18,10:39:48,-04:00,2025-03-18T10:39:48-04:00,0,42
src/routes/projects/+page.svelte,7,js,a297391a,Marine Gapihan,2025-03-17,11:49:19,-04:00,2025-03-17T11:49:19-04:00,0,1
src/routes/projects/+page.svelte,8,js,a297391a,Marine Gapihan,2025-03-17,11:49:19,-04:00,2025-03-17T11:49:19-04:00,0,0
src/routes/projects/+page.svelte,9,js,3fbcebb3,Marine Gapihan,2025-03-18,10:39:48,-04:00,2025-03-18T10:39:48-04:00,0,10
src/routes/projects/+page.svelte,10,js,3fbcebb3,Marine Gapihan,2025-03-18,10:39:48,-04:00,2025-03-18T10:39:48-04:00,0,0
src/routes/projects/+page.svelte,11,js,3fbcebb3,Marine Gapihan,2025-03-18,10:39:48,-04:00,2025-03-18T10:39:48-04:00,2,2
src/routes/projects/+page.svelte,12,js,3fbcebb3,Marine Gapihan,2025-03-18,10:39:48,-04:00,2025-03-18T10:39:48-04:00,4,11
src/routes/projects/+page.svelte,13,js,3fbcebb3,Marine Gapihan,2025-03-18,10:39:48,-04:00,2025-03-18T10:39:48-04:00,4,72
src/routes/projects/+page.svelte,14,js,3fbcebb3,Marine Gapihan,2025-03-18,10:39:48,-04:00,2025-03-18T10:39:48-04:00,4,43
src/routes/projects/+page.svelte,15,js,3fbcebb3,Marine Gapihan,2025-03-18,10:39:48,-04:00,2025-03-18T10:39:48-04:00,6,35
src/routes/projects/+page.svelte,16,js,3fbcebb3,Marine Gapihan,2025-03-18,10:39:48,-04:00,2025-03-18T10:39:48-04:00,4,1
src/routes/projects/+page.svelte,17,js,3fbcebb3,Marine Gapihan,2025-03-18,10:39:48,-04:00,2025-03-18T10:39:48-04:00,2,0
src/routes/projects/+page.svelte,18,js,3fbcebb3,Marine Gapihan,2025-03-18,10:39:48,-04:00,2025-03-18T10:39:48-04:00,0,0
src/routes/projects/+page.svelte,19,js,88651a4d,Marine Gapihan,2025-03-05,17:54:22,-05:00,2025-03-05T17:54:22-05:00,2,40
src/routes/projects/+page.svelte,20,js,2158e226,Marine Gapihan,2025-03-05,10:58:27,-05:00,2025-03-05T10:58:27-05:00,2,40
src/routes/projects/+page.svelte,21,js,fc6ca687,Marine Gapihan,2025-03-13,15:49:53,-04:00,2025-03-13T15:49:53-04:00,2,32
src/routes/projects/+page.svelte,22,js,fc6ca687,Marine Gapihan,2025-03-13,15:49:53,-04:00,2025-03-13T15:49:53-04:00,0,0
src/routes/projects/+page.svelte,23,js,1366c362,Marine Gapihan,2025-03-19,10:51:39,-04:00,2025-03-19T10:51:39-04:00,2,25
src/routes/projects/+page.svelte,24,js,1366c362,Marine Gapihan,2025-03-19,10:51:39,-04:00,2025-03-19T10:51:39-04:00,2,15
src/routes/projects/+page.svelte,25,js,1366c362,Marine Gapihan,2025-03-19,10:51:39,-04:00,2025-03-19T10:51:39-04:00,0,81
src/routes/projects/+page.svelte,26,js,1366c362,Marine Gapihan,2025-03-19,10:51:39,-04:00,2025-03-19T10:51:39-04:00,0,54
src/routes/projects/+page.svelte,27,js,1366c362,Marine Gapihan,2025-03-19,10:51:39,-04:00,2025-03-19T10:51:39-04:00,4,17
src/routes/projects/+page.svelte,28,js,1366c362,Marine Gapihan,2025-03-19,10:51:39,-04:00,2025-03-19T10:51:39-04:00,6,35
src/routes/projects/+page.svelte,29,js,1366c362,Marine Gapihan,2025-03-19,10:51:39,-04:00,2025-03-19T10:51:39-04:00,4,0
src/routes/projects/+page.svelte,30,js,1366c362,Marine Gapihan,2025-03-19,10:51:39,-04:00,2025-03-19T10:51:39-04:00,0,0
src/routes/projects/+page.svelte,31,js,1366c362,Marine Gapihan,2025-03-19,10:51:39,-04:00,2025-03-19T10:51:39-04:00,4,10
src/routes/projects/+page.svelte,32,js,1366c362,Marine Gapihan,2025-03-19,10:51:39,-04:00,2025-03-19T10:51:39-04:00,2,1
src/routes/projects/+page.svelte,33,js,1366c362,Marine Gapihan,2025-03-19,10:51:39,-04:00,2025-03-19T10:51:39-04:00,0,0
src/routes/projects/+page.svelte,34,js,1366c362,Marine Gapihan,2025-03-19,10:51:39,-04:00,2025-03-19T10:51:39-04:00,0,0
src/routes/projects/+page.svelte,35,svelte,2158e226,Marine Gapihan,2025-03-05,10:58:27,-05:00,2025-03-05T10:58:27-05:00,0,7
src/routes/projects/+page.svelte,36,svelte,2158e226,Marine Gapihan,2025-03-05,10:58:27,-05:00,2025-03-05T10:58:27-05:00,0,0
src/routes/projects/+page.svelte,37,svelte,1366c362,Marine Gapihan,2025-03-19,10:51:39,-04:00,2025-03-19T10:51:39-04:00,0,59
src/routes/projects/+page.svelte,38,svelte,1366c362,Marine Gapihan,2025-03-19,10:51:39,-04:00,2025-03-19T10:51:39-04:00,0,0
src/routes/projects/+page.svelte,39,svelte,a297391a,Marine Gapihan,2025-03-17,11:49:19,-04:00,2025-03-17T11:49:19-04:00,0,0
src/routes/projects/+page.svelte,40,svelte,a297391a,Marine Gapihan,2025-03-17,11:49:19,-04:00,2025-03-17T11:49:19-04:00,0,37
src/routes/projects/+page.svelte,41,svelte,a297391a,Marine Gapihan,2025-03-17,11:49:19,-04:00,2025-03-17T11:49:19-04:00,3,63
src/routes/projects/+page.svelte,42,svelte,a297391a,Marine Gapihan,2025-03-17,11:49:19,-04:00,2025-03-17T11:49:19-04:00,0,0
src/routes/projects/+page.svelte,43,svelte,88651a4d,Marine Gapihan,2025-03-05,17:54:22,-05:00,2025-03-05T17:54:22-05:00,0,0
src/routes/projects/+page.svelte,44,svelte,5e59f41e,Marine Gapihan,2025-03-04,18:11:29,-05:00,2025-03-04T18:11:29-05:00,0,11
src/routes/projects/+page.svelte,45,svelte,5e59f41e,Marine Gapihan,2025-03-04,18:11:29,-05:00,2025-03-04T18:11:29-05:00,1,21
src/routes/projects/+page.svelte,46,svelte,5e59f41e,Marine Gapihan,2025-03-04,18:11:29,-05:00,2025-03-04T18:11:29-05:00,0,12
src/routes/projects/+page.svelte,47,svelte,2158e226,Marine Gapihan,2025-03-05,10:58:27,-05:00,2025-03-05T10:58:27-05:00,4,33
src/routes/projects/+page.svelte,48,svelte,2158e226,Marine Gapihan,2025-03-05,10:58:27,-05:00,2025-03-05T10:58:27-05:00,0,0
src/routes/projects/+page.svelte,49,svelte,5e59f41e,Marine Gapihan,2025-03-04,18:11:29,-05:00,2025-03-04T18:11:29-05:00,4,20
src/routes/projects/+page.svelte,50,svelte,1366c362,Marine Gapihan,2025-03-19,10:51:39,-04:00,2025-03-19T10:51:39-04:00,6,25
src/routes/projects/+page.svelte,51,svelte,88651a4d,Marine Gapihan,2025-03-05,17:54:22,-05:00,2025-03-05T17:54:22-05:00,0,0
src/routes/projects/+page.svelte,52,svelte,88651a4d,Marine Gapihan,2025-03-05,17:54:22,-05:00,2025-03-05T17:54:22-05:00,6,17
src/routes/projects/+page.svelte,53,svelte,88651a4d,Marine Gapihan,2025-03-05,17:54:22,-05:00,2025-03-05T17:54:22-05:00,0,0
src/routes/projects/+page.svelte,54,svelte,2158e226,Marine Gapihan,2025-03-05,10:58:27,-05:00,2025-03-05T10:58:27-05:00,6,5
src/routes/projects/+page.svelte,55,svelte,88651a4d,Marine Gapihan,2025-03-05,17:54:22,-05:00,2025-03-05T17:54:22-05:00,0,0
src/routes/projects/+page.svelte,56,svelte,5e59f41e,Marine Gapihan,2025-03-04,18:11:29,-05:00,2025-03-04T18:11:29-05:00,4,4
src/routes/projects/+page.svelte,57,svelte,a297391a,Marine Gapihan,2025-03-17,11:49:19,-04:00,2025-03-17T11:49:19-04:00,0,0
src/routes/projects/+page.svelte,58,svelte,a297391a,Marine Gapihan,2025-03-17,11:49:19,-04:00,2025-03-17T11:49:19-04:00,4,5
src/routes/projects/+page.svelte,59,css,a297391a,Marine Gapihan,2025-03-17,11:49:19,-04:00,2025-03-17T11:49:19-04:00,5,4
src/routes/projects/+page.svelte,60,css,a297391a,Marine Gapihan,2025-03-17,11:49:19,-04:00,2025-03-17T11:49:19-04:00,6,10
src/routes/projects/+page.svelte,61,css,a297391a,Marine Gapihan,2025-03-17,11:49:19,-04:00,2025-03-17T11:49:19-04:00,5,0
src/routes/projects/+page.svelte,62,svelte,a297391a,Marine Gapihan,2025-03-17,11:49:19,-04:00,2025-03-17T11:49:19-04:00,4,6
src/routes/meta/+page.svelte,1,svelte,00000000,Not Committed Yet,2025-03-30,13:39:22,-04:00,2025-03-30T13:39:22-04:00,0,11
src/routes/meta/+page.svelte,2,svelte,00000000,Not Committed Yet,2025-03-30,13:39:22,-04:00,2025-03-30T13:39:22-04:00,1,17
src/routes/meta/+page.svelte,3,svelte,00000000,Not Committed Yet,2025-03-30,13:39:22,-04:00,2025-03-30T13:39:22-04:00,0,12
src/routes/meta/+page.svelte,4,svelte,00000000,Not Committed Yet,2025-03-30,13:39:22,-04:00,2025-03-30T13:39:22-04:00,0,0
src/routes/meta/+page.svelte,5,svelte,1366c362,Marine Gapihan,2025-03-19,10:51:39,-04:00,2025-03-19T10:51:39-04:00,0,11
src/routes/meta/+page.svelte,6,svelte,1366c362,Marine Gapihan,2025-03-19,10:51:39,-04:00,2025-03-19T10:51:39-04:00,0,0
src/routes/meta/+page.svelte,7,svelte,1366c362,Marine Gapihan,2025-03-19,10:51:39,-04:00,2025-03-19T10:51:39-04:00,0,60
src/routes/contact/+page.svelte,1,svelte,5e59f41e,Marine Gapihan,2025-03-04,18:11:29,-05:00,2025-03-04T18:11:29-05:00,0,11
src/routes/contact/+page.svelte,2,svelte,5e59f41e,Marine Gapihan,2025-03-04,18:11:29,-05:00,2025-03-04T18:11:29-05:00,1,23
src/routes/contact/+page.svelte,3,svelte,5e59f41e,Marine Gapihan,2025-03-04,18:11:29,-05:00,2025-03-04T18:11:29-05:00,0,12
src/routes/contact/+page.svelte,4,svelte,5e59f41e,Marine Gapihan,2025-03-04,18:11:29,-05:00,2025-03-04T18:11:29-05:00,0,0
src/routes/contact/+page.svelte,5,svelte,5e59f41e,Marine Gapihan,2025-03-04,18:11:29,-05:00,2025-03-04T18:11:29-05:00,0,0
src/routes/contact/+page.svelte,6,svelte,5e59f41e,Marine Gapihan,2025-03-04,18:11:29,-05:00,2025-03-04T18:11:29-05:00,2,17
src/routes/contact/+page.svelte,7,svelte,5e59f41e,Marine Gapihan,2025-03-04,18:11:29,-05:00,2025-03-04T18:11:29-05:00,0,0
src/routes/contact/+page.svelte,8,svelte,5e59f41e,Marine Gapihan,2025-03-04,18:11:29,-05:00,2025-03-04T18:11:29-05:00,2,37
src/routes/contact/+page.svelte,9,svelte,5e59f41e,Marine Gapihan,2025-03-04,18:11:29,-05:00,2025-03-04T18:11:29-05:00,0,0
src/routes/contact/+page.svelte,10,svelte,5e59f41e,Marine Gapihan,2025-03-04,18:11:29,-05:00,2025-03-04T18:11:29-05:00,4,35
src/routes/contact/+page.svelte,11,svelte,5e59f41e,Marine Gapihan,2025-03-04,18:11:29,-05:00,2025-03-04T18:11:29-05:00,4,20
src/routes/contact/+page.svelte,12,svelte,5e59f41e,Marine Gapihan,2025-03-04,18:11:29,-05:00,2025-03-04T18:11:29-05:00,0,0
src/routes/contact/+page.svelte,13,svelte,5e59f41e,Marine Gapihan,2025-03-04,18:11:29,-05:00,2025-03-04T18:11:29-05:00,4,29
src/routes/contact/+page.svelte,14,svelte,5e59f41e,Marine Gapihan,2025-03-04,18:11:29,-05:00,2025-03-04T18:11:29-05:00,4,63
src/routes/contact/+page.svelte,15,svelte,5e59f41e,Marine Gapihan,2025-03-04,18:11:29,-05:00,2025-03-04T18:11:29-05:00,0,0
src/routes/contact/+page.svelte,16,svelte,5e59f41e,Marine Gapihan,2025-03-04,18:11:29,-05:00,2025-03-04T18:11:29-05:00,4,21
src/routes/contact/+page.svelte,17,svelte,5e59f41e,Marine Gapihan,2025-03-04,18:11:29,-05:00,2025-03-04T18:11:29-05:00,2,5
src/routes/CV/+page.svelte,1,svelte,5e59f41e,Marine Gapihan,2025-03-04,18:11:29,-05:00,2025-03-04T18:11:29-05:00,0,11
src/routes/CV/+page.svelte,2,svelte,5e59f41e,Marine Gapihan,2025-03-04,18:11:29,-05:00,2025-03-04T18:11:29-05:00,1,19
src/routes/CV/+page.svelte,3,svelte,5e59f41e,Marine Gapihan,2025-03-04,18:11:29,-05:00,2025-03-04T18:11:29-05:00,0,12
src/routes/CV/+page.svelte,4,svelte,5e59f41e,Marine Gapihan,2025-03-04,18:11:29,-05:00,2025-03-04T18:11:29-05:00,0,0
src/routes/CV/+page.svelte,5,svelte,f489c7e9,Marine Gapihan,2025-03-05,20:28:19,-05:00,2025-03-05T20:28:19-05:00,0,22
src/routes/CV/+page.svelte,6,svelte,5e59f41e,Marine Gapihan,2025-03-04,18:11:29,-05:00,2025-03-04T18:11:29-05:00,0,37
src/routes/CV/+page.svelte,7,svelte,5e59f41e,Marine Gapihan,2025-03-04,18:11:29,-05:00,2025-03-04T18:11:29-05:00,0,0
src/routes/CV/+page.svelte,8,svelte,5e59f41e,Marine Gapihan,2025-03-04,18:11:29,-05:00,2025-03-04T18:11:29-05:00,0,19
src/routes/CV/+page.svelte,9,svelte,5e59f41e,Marine Gapihan,2025-03-04,18:11:29,-05:00,2025-03-04T18:11:29-05:00,0,16
src/routes/CV/+page.svelte,10,svelte,5e59f41e,Marine Gapihan,2025-03-04,18:11:29,-05:00,2025-03-04T18:11:29-05:00,0,71
src/routes/CV/+page.svelte,11,svelte,5e59f41e,Marine Gapihan,2025-03-04,18:11:29,-05:00,2025-03-04T18:11:29-05:00,0,22
src/routes/CV/+page.svelte,12,svelte,5e59f41e,Marine Gapihan,2025-03-04,18:11:29,-05:00,2025-03-04T18:11:29-05:00,0,84
src/routes/CV/+page.svelte,13,svelte,5e59f41e,Marine Gapihan,2025-03-04,18:11:29,-05:00,2025-03-04T18:11:29-05:00,0,121
src/routes/CV/+page.svelte,14,svelte,5e59f41e,Marine Gapihan,2025-03-04,18:11:29,-05:00,2025-03-04T18:11:29-05:00,0,0
src/routes/CV/+page.svelte,15,svelte,5e59f41e,Marine Gapihan,2025-03-04,18:11:29,-05:00,2025-03-04T18:11:29-05:00,0,94
src/routes/CV/+page.svelte,16,svelte,5e59f41e,Marine Gapihan,2025-03-04,18:11:29,-05:00,2025-03-04T18:11:29-05:00,0,23
src/routes/CV/+page.svelte,17,svelte,5e59f41e,Marine Gapihan,2025-03-04,18:11:29,-05:00,2025-03-04T18:11:29-05:00,0,86
src/routes/CV/+page.svelte,18,svelte,5e59f41e,Marine Gapihan,2025-03-04,18:11:29,-05:00,2025-03-04T18:11:29-05:00,0,120
src/routes/CV/+page.svelte,19,svelte,5e59f41e,Marine Gapihan,2025-03-04,18:11:29,-05:00,2025-03-04T18:11:29-05:00,0,0
src/routes/CV/+page.svelte,20,svelte,5e59f41e,Marine Gapihan,2025-03-04,18:11:29,-05:00,2025-03-04T18:11:29-05:00,0,8
src/routes/CV/+page.svelte,21,svelte,5e59f41e,Marine Gapihan,2025-03-04,18:11:29,-05:00,2025-03-04T18:11:29-05:00,0,0
src/routes/CV/+page.svelte,22,svelte,5e59f41e,Marine Gapihan,2025-03-04,18:11:29,-05:00,2025-03-04T18:11:29-05:00,0,19
src/routes/CV/+page.svelte,23,svelte,5e59f41e,Marine Gapihan,2025-03-04,18:11:29,-05:00,2025-03-04T18:11:29-05:00,2,17
src/routes/CV/+page.svelte,24,svelte,5e59f41e,Marine Gapihan,2025-03-04,18:11:29,-05:00,2025-03-04T18:11:29-05:00,2,61
src/routes/CV/+page.svelte,25,svelte,5e59f41e,Marine Gapihan,2025-03-04,18:11:29,-05:00,2025-03-04T18:11:29-05:00,2,22
src/routes/CV/+page.svelte,26,svelte,5e59f41e,Marine Gapihan,2025-03-04,18:11:29,-05:00,2025-03-04T18:11:29-05:00,2,62
src/routes/CV/+page.svelte,27,svelte,5e59f41e,Marine Gapihan,2025-03-04,18:11:29,-05:00,2025-03-04T18:11:29-05:00,2,100
src/routes/CV/+page.svelte,28,svelte,5e59f41e,Marine Gapihan,2025-03-04,18:11:29,-05:00,2025-03-04T18:11:29-05:00,2,103
src/routes/CV/+page.svelte,29,svelte,5e59f41e,Marine Gapihan,2025-03-04,18:11:29,-05:00,2025-03-04T18:11:29-05:00,4,70
src/routes/CV/+page.svelte,30,svelte,5e59f41e,Marine Gapihan,2025-03-04,18:11:29,-05:00,2025-03-04T18:11:29-05:00,2,102
src/routes/CV/+page.svelte,31,svelte,5e59f41e,Marine Gapihan,2025-03-04,18:11:29,-05:00,2025-03-04T18:11:29-05:00,4,69
src/routes/CV/+page.svelte,32,svelte,5e59f41e,Marine Gapihan,2025-03-04,18:11:29,-05:00,2025-03-04T18:11:29-05:00,0,0
src/routes/CV/+page.svelte,33,svelte,5e59f41e,Marine Gapihan,2025-03-04,18:11:29,-05:00,2025-03-04T18:11:29-05:00,2,63
src/routes/CV/+page.svelte,34,svelte,5e59f41e,Marine Gapihan,2025-03-04,18:11:29,-05:00,2025-03-04T18:11:29-05:00,2,19
src/routes/CV/+page.svelte,35,svelte,5e59f41e,Marine Gapihan,2025-03-04,18:11:29,-05:00,2025-03-04T18:11:29-05:00,2,30
src/routes/CV/+page.svelte,36,svelte,5e59f41e,Marine Gapihan,2025-03-04,18:11:29,-05:00,2025-03-04T18:11:29-05:00,2,190
src/routes/CV/+page.svelte,37,svelte,5e59f41e,Marine Gapihan,2025-03-04,18:11:29,-05:00,2025-03-04T18:11:29-05:00,2,106
src/routes/CV/+page.svelte,38,svelte,5e59f41e,Marine Gapihan,2025-03-04,18:11:29,-05:00,2025-03-04T18:11:29-05:00,2,93
src/routes/CV/+page.svelte,39,svelte,5e59f41e,Marine Gapihan,2025-03-04,18:11:29,-05:00,2025-03-04T18:11:29-05:00,0,0
src/routes/CV/+page.svelte,40,svelte,5e59f41e,Marine Gapihan,2025-03-04,18:11:29,-05:00,2025-03-04T18:11:29-05:00,0,8
src/routes/CV/+page.svelte,41,svelte,5e59f41e,Marine Gapihan,2025-03-04,18:11:29,-05:00,2025-03-04T18:11:29-05:00,0,0
src/routes/CV/+page.svelte,42,svelte,5e59f41e,Marine Gapihan,2025-03-04,18:11:29,-05:00,2025-03-04T18:11:29-05:00,0,19
src/routes/CV/+page.svelte,43,svelte,5e59f41e,Marine Gapihan,2025-03-04,18:11:29,-05:00,2025-03-04T18:11:29-05:00,0,13
src/routes/CV/+page.svelte,44,svelte,5e59f41e,Marine Gapihan,2025-03-04,18:11:29,-05:00,2025-03-04T18:11:29-05:00,0,124
src/routes/CV/+page.svelte,45,svelte,5e59f41e,Marine Gapihan,2025-03-04,18:11:29,-05:00,2025-03-04T18:11:29-05:00,0,101
src/routes/CV/+page.svelte,46,svelte,5e59f41e,Marine Gapihan,2025-03-04,18:11:29,-05:00,2025-03-04T18:11:29-05:00,0,0
src/routes/CV/+page.svelte,47,svelte,5e59f41e,Marine Gapihan,2025-03-04,18:11:29,-05:00,2025-03-04T18:11:29-05:00,0,8
src/routes/CV/+page.svelte,48,svelte,5e59f41e,Marine Gapihan,2025-03-04,18:11:29,-05:00,2025-03-04T18:11:29-05:00,0,0
src/routes/CV/+page.svelte,49,svelte,5e59f41e,Marine Gapihan,2025-03-04,18:11:29,-05:00,2025-03-04T18:11:29-05:00,0,19
src/routes/CV/+page.svelte,50,svelte,5e59f41e,Marine Gapihan,2025-03-04,18:11:29,-05:00,2025-03-04T18:11:29-05:00,0,29
src/routes/CV/+page.svelte,51,svelte,5e59f41e,Marine Gapihan,2025-03-04,18:11:29,-05:00,2025-03-04T18:11:29-05:00,0,84
src/routes/CV/+page.svelte,52,svelte,5e59f41e,Marine Gapihan,2025-03-04,18:11:29,-05:00,2025-03-04T18:11:29-05:00,0,104
src/routes/CV/+page.svelte,53,svelte,5e59f41e,Marine Gapihan,2025-03-04,18:11:29,-05:00,2025-03-04T18:11:29-05:00,0,105
src/routes/CV/+page.svelte,54,svelte,5e59f41e,Marine Gapihan,2025-03-04,18:11:29,-05:00,2025-03-04T18:11:29-05:00,0,0
src/routes/CV/+page.svelte,55,svelte,5e59f41e,Marine Gapihan,2025-03-04,18:11:29,-05:00,2025-03-04T18:11:29-05:00,0,0
src/routes/CV/+page.svelte,56,svelte,5e59f41e,Marine Gapihan,2025-03-04,18:11:29,-05:00,2025-03-04T18:11:29-05:00,0,8
src/lib/Project.svelte,1,svelte,88651a4d,Marine Gapihan,2025-03-05,17:54:22,-05:00,2025-03-05T17:54:22-05:00,0,6
src/lib/Project.svelte,2,js,88651a4d,Marine Gapihan,2025-03-05,17:54:22,-05:00,2025-03-05T17:54:22-05:00,2,19
src/lib/Project.svelte,3,js,88651a4d,Marine Gapihan,2025-03-05,17:54:22,-05:00,2025-03-05T17:54:22-05:00,2,18
src/lib/Project.svelte,4,svelte,88651a4d,Marine Gapihan,2025-03-05,17:54:22,-05:00,2025-03-05T17:54:22-05:00,0,7
src/lib/Project.svelte,5,svelte,88651a4d,Marine Gapihan,2025-03-05,17:54:22,-05:00,2025-03-05T17:54:22-05:00,0,0
src/lib/Project.svelte,6,svelte,88651a4d,Marine Gapihan,2025-03-05,17:54:22,-05:00,2025-03-05T17:54:22-05:00,0,7
src/lib/Project.svelte,7,svelte,88651a4d,Marine Gapihan,2025-03-05,17:54:22,-05:00,2025-03-05T17:54:22-05:00,2,63
src/lib/Project.svelte,8,svelte,88651a4d,Marine Gapihan,2025-03-05,17:54:22,-05:00,2025-03-05T17:54:22-05:00,2,27
src/lib/Project.svelte,9,svelte,88651a4d,Marine Gapihan,2025-03-05,17:54:22,-05:00,2025-03-05T17:54:22-05:00,2,24
src/lib/Project.svelte,10,svelte,fc6ca687,Marine Gapihan,2025-03-13,15:49:53,-04:00,2025-03-13T15:49:53-04:00,2,34
src/lib/Project.svelte,11,svelte,88651a4d,Marine Gapihan,2025-03-05,17:54:22,-05:00,2025-03-05T17:54:22-05:00,0,8
src/lib/Project.svelte,12,svelte,f489c7e9,Marine Gapihan,2025-03-05,20:28:19,-05:00,2025-03-05T20:28:19-05:00,0,0
src/lib/Project.svelte,13,svelte,f489c7e9,Marine Gapihan,2025-03-05,20:28:19,-05:00,2025-03-05T20:28:19-05:00,0,5
src/lib/Project.svelte,14,css,f489c7e9,Marine Gapihan,2025-03-05,20:28:19,-05:00,2025-03-05T20:28:19-05:00,0,7
src/lib/Project.svelte,15,css,f489c7e9,Marine Gapihan,2025-03-05,20:28:19,-05:00,2025-03-05T20:28:19-05:00,1,12
src/lib/Project.svelte,16,css,f489c7e9,Marine Gapihan,2025-03-05,20:28:19,-05:00,2025-03-05T20:28:19-05:00,1,26
src/lib/Project.svelte,17,css,c06484d9,Marine Gapihan,2025-03-12,10:29:17,-04:00,2025-03-12T10:29:17-04:00,1,15
src/lib/Project.svelte,18,css,f489c7e9,Marine Gapihan,2025-03-05,20:28:19,-05:00,2025-03-05T20:28:19-05:00,1,10
src/lib/Project.svelte,19,css,f489c7e9,Marine Gapihan,2025-03-05,20:28:19,-05:00,2025-03-05T20:28:19-05:00,0,0
src/lib/Project.svelte,20,css,f489c7e9,Marine Gapihan,2025-03-05,20:28:19,-05:00,2025-03-05T20:28:19-05:00,0,0
src/lib/Project.svelte,21,css,f489c7e9,Marine Gapihan,2025-03-05,20:28:19,-05:00,2025-03-05T20:28:19-05:00,0,10
src/lib/Project.svelte,22,css,f489c7e9,Marine Gapihan,2025-03-05,20:28:19,-05:00,2025-03-05T20:28:19-05:00,1,8
src/lib/Project.svelte,23,css,f489c7e9,Marine Gapihan,2025-03-05,20:28:19,-05:00,2025-03-05T20:28:19-05:00,1,20
src/lib/Project.svelte,24,css,f489c7e9,Marine Gapihan,2025-03-05,20:28:19,-05:00,2025-03-05T20:28:19-05:00,0,0
src/lib/Project.svelte,25,css,f489c7e9,Marine Gapihan,2025-03-05,20:28:19,-05:00,2025-03-05T20:28:19-05:00,0,0
src/lib/Project.svelte,26,css,f489c7e9,Marine Gapihan,2025-03-05,20:28:19,-05:00,2025-03-05T20:28:19-05:00,0,9
src/lib/Project.svelte,27,css,f489c7e9,Marine Gapihan,2025-03-05,20:28:19,-05:00,2025-03-05T20:28:19-05:00,1,18
src/lib/Project.svelte,28,css,f489c7e9,Marine Gapihan,2025-03-05,20:28:19,-05:00,2025-03-05T20:28:19-05:00,0,0
src/lib/Project.svelte,29,css,f489c7e9,Marine Gapihan,2025-03-05,20:28:19,-05:00,2025-03-05T20:28:19-05:00,0,0
src/lib/Project.svelte,30,css,f489c7e9,Marine Gapihan,2025-03-05,20:28:19,-05:00,2025-03-05T20:28:19-05:00,0,2
src/lib/Project.svelte,31,css,f489c7e9,Marine Gapihan,2025-03-05,20:28:19,-05:00,2025-03-05T20:28:19-05:00,1,14
src/lib/Project.svelte,32,css,f489c7e9,Marine Gapihan,2025-03-05,20:28:19,-05:00,2025-03-05T20:28:19-05:00,0,0
src/lib/Project.svelte,33,css,f489c7e9,Marine Gapihan,2025-03-05,20:28:19,-05:00,2025-03-05T20:28:19-05:00,0,0
src/lib/Project.svelte,34,svelte,f489c7e9,Marine Gapihan,2025-03-05,20:28:19,-05:00,2025-03-05T20:28:19-05:00,0,6
src/lib/Pie.svelte,1,svelte,fc6ca687,Marine Gapihan,2025-03-13,15:49:53,-04:00,2025-03-13T15:49:53-04:00,0,6
src/lib/Pie.svelte,2,js,fc6ca687,Marine Gapihan,2025-03-13,15:49:53,-04:00,2025-03-13T15:49:53-04:00,0,23
src/lib/Pie.svelte,3,js,89c008f8,Marine Gapihan,2025-03-16,14:33:58,-04:00,2025-03-16T14:33:58-04:00,0,27
src/lib/Pie.svelte,4,js,fc6ca687,Marine Gapihan,2025-03-13,15:49:53,-04:00,2025-03-13T15:49:53-04:00,0,57
src/lib/Pie.svelte,5,js,fc6ca687,Marine Gapihan,2025-03-13,15:49:53,-04:00,2025-03-13T15:49:53-04:00,0,22
src/lib/Pie.svelte,6,js,fc6ca687,Marine Gapihan,2025-03-13,15:49:53,-04:00,2025-03-13T15:49:53-04:00,0,12
src/lib/Pie.svelte,7,js,fc6ca687,Marine Gapihan,2025-03-13,15:49:53,-04:00,2025-03-13T15:49:53-04:00,0,19
src/lib/Pie.svelte,8,js,fc6ca687,Marine Gapihan,2025-03-13,15:49:53,-04:00,2025-03-13T15:49:53-04:00,0,1
src/lib/Pie.svelte,9,js,a297391a,Marine Gapihan,2025-03-17,11:49:19,-04:00,2025-03-17T11:49:19-04:00,0,19
src/lib/Pie.svelte,10,js,a297391a,Marine Gapihan,2025-03-17,11:49:19,-04:00,2025-03-17T11:49:19-04:00,0,0
src/lib/Pie.svelte,11,js,89c008f8,Marine Gapihan,2025-03-16,14:33:58,-04:00,2025-03-16T14:33:58-04:00,0,48
src/lib/Pie.svelte,12,js,fc6ca687,Marine Gapihan,2025-03-13,15:49:53,-04:00,2025-03-13T15:49:53-04:00,0,47
src/lib/Pie.svelte,13,js,fc6ca687,Marine Gapihan,2025-03-13,15:49:53,-04:00,2025-03-13T15:49:53-04:00,0,0
src/lib/Pie.svelte,14,js,3fbcebb3,Marine Gapihan,2025-03-18,10:39:48,-04:00,2025-03-18T10:39:48-04:00,0,10
src/lib/Pie.svelte,15,js,3fbcebb3,Marine Gapihan,2025-03-18,10:39:48,-04:00,2025-03-18T10:39:48-04:00,0,7
src/lib/Pie.svelte,16,js,3fbcebb3,Marine Gapihan,2025-03-18,10:39:48,-04:00,2025-03-18T10:39:48-04:00,0,0
src/lib/Pie.svelte,17,js,3fbcebb3,Marine Gapihan,2025-03-18,10:39:48,-04:00,2025-03-18T10:39:48-04:00,2,2
src/lib/Pie.svelte,18,js,3fbcebb3,Marine Gapihan,2025-03-18,10:39:48,-04:00,2025-03-18T10:39:48-04:00,0,29
src/lib/Pie.svelte,19,js,3fbcebb3,Marine Gapihan,2025-03-18,10:39:48,-04:00,2025-03-18T10:39:48-04:00,0,39
src/lib/Pie.svelte,20,js,3fbcebb3,Marine Gapihan,2025-03-18,10:39:48,-04:00,2025-03-18T10:39:48-04:00,2,0
src/lib/Pie.svelte,21,js,3fbcebb3,Marine Gapihan,2025-03-18,10:39:48,-04:00,2025-03-18T10:39:48-04:00,0,0
src/lib/Pie.svelte,22,js,3fbcebb3,Marine Gapihan,2025-03-18,10:39:48,-04:00,2025-03-18T10:39:48-04:00,0,28
src/lib/Pie.svelte,23,js,3fbcebb3,Marine Gapihan,2025-03-18,10:39:48,-04:00,2025-03-18T10:39:48-04:00,0,0
src/lib/Pie.svelte,24,svelte,fc6ca687,Marine Gapihan,2025-03-13,15:49:53,-04:00,2025-03-13T15:49:53-04:00,0,7
src/lib/Pie.svelte,25,svelte,fc6ca687,Marine Gapihan,2025-03-13,15:49:53,-04:00,2025-03-13T15:49:53-04:00,0,0
src/lib/Pie.svelte,26,svelte,fc6ca687,Marine Gapihan,2025-03-13,15:49:53,-04:00,2025-03-13T15:49:53-04:00,0,0
src/lib/Pie.svelte,27,svelte,89c008f8,Marine Gapihan,2025-03-16,14:33:58,-04:00,2025-03-16T14:33:58-04:00,0,21
src/lib/Pie.svelte,28,svelte,89c008f8,Marine Gapihan,2025-03-16,14:33:58,-04:00,2025-03-16T14:33:58-04:00,0,29
src/lib/Pie.svelte,29,svelte,89c008f8,Marine Gapihan,2025-03-16,14:33:58,-04:00,2025-03-16T14:33:58-04:00,0,24
src/lib/Pie.svelte,30,svelte,3fbcebb3,Marine Gapihan,2025-03-18,10:39:48,-04:00,2025-03-18T10:39:48-04:00,0,34
src/lib/Pie.svelte,31,svelte,3fbcebb3,Marine Gapihan,2025-03-18,10:39:48,-04:00,2025-03-18T10:39:48-04:00,0,38
src/lib/Pie.svelte,32,svelte,3fbcebb3,Marine Gapihan,2025-03-18,10:39:48,-04:00,2025-03-18T10:39:48-04:00,0,66
src/lib/Pie.svelte,33,svelte,3fbcebb3,Marine Gapihan,2025-03-18,10:39:48,-04:00,2025-03-18T10:39:48-04:00,0,0
src/lib/Pie.svelte,34,svelte,3fbcebb3,Marine Gapihan,2025-03-18,10:39:48,-04:00,2025-03-18T10:39:48-04:00,0,5
src/lib/Pie.svelte,35,svelte,3fbcebb3,Marine Gapihan,2025-03-18,10:39:48,-04:00,2025-03-18T10:39:48-04:00,0,0
src/lib/Pie.svelte,36,svelte,89c008f8,Marine Gapihan,2025-03-16,14:33:58,-04:00,2025-03-16T14:33:58-04:00,0,4
src/lib/Pie.svelte,37,svelte,3fbcebb3,Marine Gapihan,2025-03-18,10:39:48,-04:00,2025-03-18T10:39:48-04:00,0,0
src/lib/Pie.svelte,38,svelte,89c008f8,Marine Gapihan,2025-03-16,14:33:58,-04:00,2025-03-16T14:33:58-04:00,0,17
src/lib/Pie.svelte,39,svelte,89c008f8,Marine Gapihan,2025-03-16,14:33:58,-04:00,2025-03-16T14:33:58-04:00,0,22
src/lib/Pie.svelte,40,svelte,1366c362,Marine Gapihan,2025-03-19,10:51:39,-04:00,2025-03-19T10:51:39-04:00,0,1
src/lib/Pie.svelte,41,svelte,1366c362,Marine Gapihan,2025-03-19,10:51:39,-04:00,2025-03-19T10:51:39-04:00,0,32
src/lib/Pie.svelte,42,svelte,1366c362,Marine Gapihan,2025-03-19,10:51:39,-04:00,2025-03-19T10:51:39-04:00,0,38
src/lib/Pie.svelte,43,svelte,1366c362,Marine Gapihan,2025-03-19,10:51:39,-04:00,2025-03-19T10:51:39-04:00,0,67
src/lib/Pie.svelte,44,svelte,1366c362,Marine Gapihan,2025-03-19,10:51:39,-04:00,2025-03-19T10:51:39-04:00,0,0
src/lib/Pie.svelte,45,svelte,1366c362,Marine Gapihan,2025-03-19,10:51:39,-04:00,2025-03-19T10:51:39-04:00,0,26
src/lib/Pie.svelte,46,svelte,89c008f8,Marine Gapihan,2025-03-16,14:33:58,-04:00,2025-03-16T14:33:58-04:00,0,28
src/lib/Pie.svelte,47,svelte,89c008f8,Marine Gapihan,2025-03-16,14:33:58,-04:00,2025-03-16T14:33:58-04:00,0,3
src/lib/Pie.svelte,48,svelte,1366c362,Marine Gapihan,2025-03-19,10:51:39,-04:00,2025-03-19T10:51:39-04:00,0,5
src/lib/Pie.svelte,49,svelte,89c008f8,Marine Gapihan,2025-03-16,14:33:58,-04:00,2025-03-16T14:33:58-04:00,0,3
src/lib/Pie.svelte,50,svelte,1366c362,Marine Gapihan,2025-03-19,10:51:39,-04:00,2025-03-19T10:51:39-04:00,0,0
src/lib/Pie.svelte,51,svelte,89c008f8,Marine Gapihan,2025-03-16,14:33:58,-04:00,2025-03-16T14:33:58-04:00,0,4
src/lib/Pie.svelte,52,svelte,fc6ca687,Marine Gapihan,2025-03-13,15:49:53,-04:00,2025-03-13T15:49:53-04:00,0,0
src/lib/Pie.svelte,53,svelte,fc6ca687,Marine Gapihan,2025-03-13,15:49:53,-04:00,2025-03-13T15:49:53-04:00,0,5
src/lib/Pie.svelte,54,css,3fbcebb3,Marine Gapihan,2025-03-18,10:39:48,-04:00,2025-03-18T10:39:48-04:00,0,0
src/lib/Pie.svelte,55,css,1366c362,Marine Gapihan,2025-03-19,10:51:39,-04:00,2025-03-19T10:51:39-04:00,0,8
src/lib/Pie.svelte,56,css,1366c362,Marine Gapihan,2025-03-19,10:51:39,-04:00,2025-03-19T10:51:39-04:00,0,34
src/lib/Pie.svelte,57,css,1366c362,Marine Gapihan,2025-03-19,10:51:39,-04:00,2025-03-19T10:51:39-04:00,0,14
src/lib/Pie.svelte,58,css,1366c362,Marine Gapihan,2025-03-19,10:51:39,-04:00,2025-03-19T10:51:39-04:00,0,0
src/lib/Pie.svelte,59,css,1366c362,Marine Gapihan,2025-03-19,10:51:39,-04:00,2025-03-19T10:51:39-04:00,0,0
src/lib/Pie.svelte,60,css,1366c362,Marine Gapihan,2025-03-19,10:51:39,-04:00,2025-03-19T10:51:39-04:00,0,38
src/lib/Pie.svelte,61,css,1366c362,Marine Gapihan,2025-03-19,10:51:39,-04:00,2025-03-19T10:51:39-04:00,0,11
src/lib/Pie.svelte,62,css,1366c362,Marine Gapihan,2025-03-19,10:51:39,-04:00,2025-03-19T10:51:39-04:00,0,0
src/lib/Pie.svelte,63,css,1366c362,Marine Gapihan,2025-03-19,10:51:39,-04:00,2025-03-19T10:51:39-04:00,0,0
src/lib/Pie.svelte,64,css,1366c362,Marine Gapihan,2025-03-19,10:51:39,-04:00,2025-03-19T10:51:39-04:00,0,10
src/lib/Pie.svelte,65,css,1366c362,Marine Gapihan,2025-03-19,10:51:39,-04:00,2025-03-19T10:51:39-04:00,0,20
src/lib/Pie.svelte,66,css,1366c362,Marine Gapihan,2025-03-19,10:51:39,-04:00,2025-03-19T10:51:39-04:00,0,0
src/lib/Pie.svelte,67,css,1366c362,Marine Gapihan,2025-03-19,10:51:39,-04:00,2025-03-19T10:51:39-04:00,0,0
src/lib/Pie.svelte,68,css,1366c362,Marine Gapihan,2025-03-19,10:51:39,-04:00,2025-03-19T10:51:39-04:00,0,13
src/lib/Pie.svelte,69,css,1366c362,Marine Gapihan,2025-03-19,10:51:39,-04:00,2025-03-19T10:51:39-04:00,0,32
src/lib/Pie.svelte,70,css,1366c362,Marine Gapihan,2025-03-19,10:51:39,-04:00,2025-03-19T10:51:39-04:00,0,9
src/lib/Pie.svelte,71,css,1366c362,Marine Gapihan,2025-03-19,10:51:39,-04:00,2025-03-19T10:51:39-04:00,0,0
src/lib/Pie.svelte,72,css,1366c362,Marine Gapihan,2025-03-19,10:51:39,-04:00,2025-03-19T10:51:39-04:00,0,0
src/lib/Pie.svelte,73,css,3fbcebb3,Marine Gapihan,2025-03-18,10:39:48,-04:00,2025-03-18T10:39:48-04:00,0,9
src/lib/Pie.svelte,74,css,3fbcebb3,Marine Gapihan,2025-03-18,10:39:48,-04:00,2025-03-18T10:39:48-04:00,0,35
src/lib/Pie.svelte,75,css,3fbcebb3,Marine Gapihan,2025-03-18,10:39:48,-04:00,2025-03-18T10:39:48-04:00,0,0
src/lib/Pie.svelte,76,css,3fbcebb3,Marine Gapihan,2025-03-18,10:39:48,-04:00,2025-03-18T10:39:48-04:00,0,10
src/lib/Pie.svelte,77,css,3fbcebb3,Marine Gapihan,2025-03-18,10:39:48,-04:00,2025-03-18T10:39:48-04:00,0,28
src/lib/Pie.svelte,78,css,3fbcebb3,Marine Gapihan,2025-03-18,10:39:48,-04:00,2025-03-18T10:39:48-04:00,0,0
src/lib/Pie.svelte,79,css,3fbcebb3,Marine Gapihan,2025-03-18,10:39:48,-04:00,2025-03-18T10:39:48-04:00,0,0
src/lib/Pie.svelte,80,css,3fbcebb3,Marine Gapihan,2025-03-18,10:39:48,-04:00,2025-03-18T10:39:48-04:00,0,8
src/lib/Pie.svelte,81,css,3fbcebb3,Marine Gapihan,2025-03-18,10:39:48,-04:00,2025-03-18T10:39:48-04:00,0,18
src/lib/Pie.svelte,82,css,3fbcebb3,Marine Gapihan,2025-03-18,10:39:48,-04:00,2025-03-18T10:39:48-04:00,0,0
src/lib/Pie.svelte,83,css,3fbcebb3,Marine Gapihan,2025-03-18,10:39:48,-04:00,2025-03-18T10:39:48-04:00,0,0
src/lib/Pie.svelte,84,css,3fbcebb3,Marine Gapihan,2025-03-18,10:39:48,-04:00,2025-03-18T10:39:48-04:00,0,0
src/lib/Pie.svelte,85,css,3fbcebb3,Marine Gapihan,2025-03-18,10:39:48,-04:00,2025-03-18T10:39:48-04:00,0,35
src/lib/Pie.svelte,86,css,3fbcebb3,Marine Gapihan,2025-03-18,10:39:48,-04:00,2025-03-18T10:39:48-04:00,0,10
src/lib/Pie.svelte,87,css,3fbcebb3,Marine Gapihan,2025-03-18,10:39:48,-04:00,2025-03-18T10:39:48-04:00,0,0
src/lib/Pie.svelte,88,css,1366c362,Marine Gapihan,2025-03-19,10:51:39,-04:00,2025-03-19T10:51:39-04:00,0,0
src/lib/Pie.svelte,89,css,1366c362,Marine Gapihan,2025-03-19,10:51:39,-04:00,2025-03-19T10:51:39-04:00,0,40
src/lib/Pie.svelte,90,css,1366c362,Marine Gapihan,2025-03-19,10:51:39,-04:00,2025-03-19T10:51:39-04:00,0,10
src/lib/Pie.svelte,91,css,1366c362,Marine Gapihan,2025-03-19,10:51:39,-04:00,2025-03-19T10:51:39-04:00,0,0
src/lib/Pie.svelte,92,css,1366c362,Marine Gapihan,2025-03-19,10:51:39,-04:00,2025-03-19T10:51:39-04:00,0,0
src/lib/Pie.svelte,93,css,1366c362,Marine Gapihan,2025-03-19,10:51:39,-04:00,2025-03-19T10:51:39-04:00,0,19
src/lib/Pie.svelte,94,css,1366c362,Marine Gapihan,2025-03-19,10:51:39,-04:00,2025-03-19T10:51:39-04:00,0,22
src/lib/Pie.svelte,95,css,1366c362,Marine Gapihan,2025-03-19,10:51:39,-04:00,2025-03-19T10:51:39-04:00,0,0
src/lib/Pie.svelte,96,css,1366c362,Marine Gapihan,2025-03-19,10:51:39,-04:00,2025-03-19T10:51:39-04:00,0,0
src/lib/Pie.svelte,97,css,1366c362,Marine Gapihan,2025-03-19,10:51:39,-04:00,2025-03-19T10:51:39-04:00,0,27
src/lib/Pie.svelte,98,css,1366c362,Marine Gapihan,2025-03-19,10:51:39,-04:00,2025-03-19T10:51:39-04:00,0,44
src/lib/Pie.svelte,99,css,3fbcebb3,Marine Gapihan,2025-03-18,10:39:48,-04:00,2025-03-18T10:39:48-04:00,0,0
src/lib/Pie.svelte,100,css,3fbcebb3,Marine Gapihan,2025-03-18,10:39:48,-04:00,2025-03-18T10:39:48-04:00,0,0
src/lib/Pie.svelte,101,css,fc6ca687,Marine Gapihan,2025-03-13,15:49:53,-04:00,2025-03-13T15:49:53-04:00,2,3
src/lib/Pie.svelte,102,css,fc6ca687,Marine Gapihan,2025-03-13,15:49:53,-04:00,2025-03-13T15:49:53-04:00,0,14
src/lib/Pie.svelte,103,css,fc6ca687,Marine Gapihan,2025-03-13,15:49:53,-04:00,2025-03-13T15:49:53-04:00,0,16
src/lib/Pie.svelte,104,css,fc6ca687,Marine Gapihan,2025-03-13,15:49:53,-04:00,2025-03-13T15:49:53-04:00,0,0
src/lib/Pie.svelte,105,css,fc6ca687,Marine Gapihan,2025-03-13,15:49:53,-04:00,2025-03-13T15:49:53-04:00,0,16
src/lib/Pie.svelte,106,css,fc6ca687,Marine Gapihan,2025-03-13,15:49:53,-04:00,2025-03-13T15:49:53-04:00,0,0
src/lib/Pie.svelte,107,css,fc6ca687,Marine Gapihan,2025-03-13,15:49:53,-04:00,2025-03-13T15:49:53-04:00,0,0
src/lib/Pie.svelte,108,css,3fbcebb3,Marine Gapihan,2025-03-18,10:39:48,-04:00,2025-03-18T10:39:48-04:00,0,0
src/lib/Pie.svelte,109,css,89c008f8,Marine Gapihan,2025-03-16,14:33:58,-04:00,2025-03-16T14:33:58-04:00,0,7
src/lib/Pie.svelte,110,css,89c008f8,Marine Gapihan,2025-03-16,14:33:58,-04:00,2025-03-16T14:33:58-04:00,2,20
src/lib/Pie.svelte,111,css,89c008f8,Marine Gapihan,2025-03-16,14:33:58,-04:00,2025-03-16T14:33:58-04:00,2,10
src/lib/Pie.svelte,112,css,89c008f8,Marine Gapihan,2025-03-16,14:33:58,-04:00,2025-03-16T14:33:58-04:00,2,11
src/lib/Pie.svelte,113,css,89c008f8,Marine Gapihan,2025-03-16,14:33:58,-04:00,2025-03-16T14:33:58-04:00,2,29
src/lib/Pie.svelte,114,css,89c008f8,Marine Gapihan,2025-03-16,14:33:58,-04:00,2025-03-16T14:33:58-04:00,0,0
src/lib/Pie.svelte,115,css,89c008f8,Marine Gapihan,2025-03-16,14:33:58,-04:00,2025-03-16T14:33:58-04:00,0,0
src/lib/Pie.svelte,116,css,89c008f8,Marine Gapihan,2025-03-16,14:33:58,-04:00,2025-03-16T14:33:58-04:00,0,0
src/lib/Pie.svelte,117,css,89c008f8,Marine Gapihan,2025-03-16,14:33:58,-04:00,2025-03-16T14:33:58-04:00,0,0
src/lib/Pie.svelte,118,css,89c008f8,Marine Gapihan,2025-03-16,14:33:58,-04:00,2025-03-16T14:33:58-04:00,0,1
src/lib/Pie.svelte,119,css,89c008f8,Marine Gapihan,2025-03-16,14:33:58,-04:00,2025-03-16T14:33:58-04:00,0,12
src/lib/Pie.svelte,120,css,89c008f8,Marine Gapihan,2025-03-16,14:33:58,-04:00,2025-03-16T14:33:58-04:00,0,57
src/lib/Pie.svelte,121,css,89c008f8,Marine Gapihan,2025-03-16,14:33:58,-04:00,2025-03-16T14:33:58-04:00,0,25
src/lib/Pie.svelte,122,css,89c008f8,Marine Gapihan,2025-03-16,14:33:58,-04:00,2025-03-16T14:33:58-04:00,0,10
src/lib/Pie.svelte,123,css,89c008f8,Marine Gapihan,2025-03-16,14:33:58,-04:00,2025-03-16T14:33:58-04:00,0,10
src/lib/Pie.svelte,124,css,89c008f8,Marine Gapihan,2025-03-16,14:33:58,-04:00,2025-03-16T14:33:58-04:00,0,0
src/lib/Pie.svelte,125,css,89c008f8,Marine Gapihan,2025-03-16,14:33:58,-04:00,2025-03-16T14:33:58-04:00,0,0
src/lib/Pie.svelte,126,css,89c008f8,Marine Gapihan,2025-03-16,14:33:58,-04:00,2025-03-16T14:33:58-04:00,0,0
src/lib/Pie.svelte,127,css,89c008f8,Marine Gapihan,2025-03-16,14:33:58,-04:00,2025-03-16T14:33:58-04:00,0,1
src/lib/Pie.svelte,128,css,89c008f8,Marine Gapihan,2025-03-16,14:33:58,-04:00,2025-03-16T14:33:58-04:00,0,12
src/lib/Pie.svelte,129,css,89c008f8,Marine Gapihan,2025-03-16,14:33:58,-04:00,2025-03-16T14:33:58-04:00,0,18
src/lib/Pie.svelte,130,css,89c008f8,Marine Gapihan,2025-03-16,14:33:58,-04:00,2025-03-16T14:33:58-04:00,0,9
src/lib/Pie.svelte,131,css,89c008f8,Marine Gapihan,2025-03-16,14:33:58,-04:00,2025-03-16T14:33:58-04:00,0,0
src/lib/Pie.svelte,132,css,89c008f8,Marine Gapihan,2025-03-16,14:33:58,-04:00,2025-03-16T14:33:58-04:00,0,0
src/lib/Pie.svelte,133,css,89c008f8,Marine Gapihan,2025-03-16,14:33:58,-04:00,2025-03-16T14:33:58-04:00,0,9
src/lib/Pie.svelte,134,css,89c008f8,Marine Gapihan,2025-03-16,14:33:58,-04:00,2025-03-16T14:33:58-04:00,0,12
src/lib/Pie.svelte,135,css,1366c362,Marine Gapihan,2025-03-19,10:51:39,-04:00,2025-03-19T10:51:39-04:00,0,18
src/lib/Pie.svelte,136,css,89c008f8,Marine Gapihan,2025-03-16,14:33:58,-04:00,2025-03-16T14:33:58-04:00,2,8
src/lib/Pie.svelte,137,css,89c008f8,Marine Gapihan,2025-03-16,14:33:58,-04:00,2025-03-16T14:33:58-04:00,0,0
src/lib/Pie.svelte,138,css,89c008f8,Marine Gapihan,2025-03-16,14:33:58,-04:00,2025-03-16T14:33:58-04:00,0,0
src/lib/Pie.svelte,139,css,89c008f8,Marine Gapihan,2025-03-16,14:33:58,-04:00,2025-03-16T14:33:58-04:00,0,6
src/lib/Pie.svelte,140,css,89c008f8,Marine Gapihan,2025-03-16,14:33:58,-04:00,2025-03-16T14:33:58-04:00,0,6
src/lib/Pie.svelte,141,css,89c008f8,Marine Gapihan,2025-03-16,14:33:58,-04:00,2025-03-16T14:33:58-04:00,0,0
src/lib/Pie.svelte,142,svelte,fc6ca687,Marine Gapihan,2025-03-13,15:49:53,-04:00,2025-03-13T15:49:53-04:00,0,6
